7,"2020-01-21",1766.40,"","",8
8,"2020-01-23",828.18,"","",19
9,"2020-01-23",3847.80,"","",9
10,"2020-01-23",2428.62,"","",3
12,"2020-01-30",13417.01,"","",16
13,"2020-01-31",6916.02,"Gotovinski račun","",25
14,"2020-02-03",25699.20,"","",18
15,"2020-02-03",3788.50,"","",20
17,"2020-02-03",25904.22,"","",4
18,"2020-01-04",5542.88,"Gotovinski račun","",32
19,"2020-02-04",1472.40,"","",23
21,"2020-02-06",1973.84,"","",26
22,"2020-02-12",2857.80,"","",19
23,"2020-02-12",1975.39,"","",14
24,"2020-02-12",3643.20,"","",4
25,"2020-02-13",33410.52,"","",6
26,"2020-02-13",3029.23,"","",27
27,"2020-02-19",3470.40,"","",38
28,"2020-02-19",8252.40,"","",24
29,"2020-02-19",998.59,"","",35
30,"2020-02-19",129532.40,"","",28
31,"2020-02-21",6467.24,"","",13
32,"2020-02-21",2250.00,"","",19
33,"2020-02-26",450.00,"","",36
34,"2020-02-26",499.80,"","",21
35,"2020-03-02",10012.38,"","",2
36,"2020-03-02",450.00,"","",26
37,"2020-03-02",6888.24,"","",39
38,"2020-03-10",2364.00,"","",46
39,"2020-03-10",5286.48,"","",44
40,"2020-03-10",12000.02,"","",42
41,"2020-03-10",5208.60,"","",40
42,"2020-03-10",240.00,"","",26
43,"2020-03-10",14583.60,"","",15
44,"2020-03-10",1387.68,"","",15
45,"2020-03-10",13450.58,"","",15
46,"2020-03-10",3574.56,"","",15
47,"2020-03-10",48499.42,"","",15
49,"2020-03-10",69560.55,"","",15
50,"2020-03-14",6575.82,"Gotovinski račun","",48
51,"2020-03-16",3174.00,"","",26
52,"2020-03-16",1840.00,"","",26
53,"2020-03-16",249.90,"","",47
54,"2020-03-16",2024.00,"","",26
55,"2020-03-16",27383.18,"","",10
56,"2020-03-16",1969.68,"","",10
58,"2020-03-20",50000.00,"","",15
59,"2020-03-20",2536.80,"","",36
60,"2020-03-23",1702.00,"","",26
61,"2020-03-23",10009.20,"","",44
62,"2020-03-25",50000.00,"","",15
63,"2020-03-26",20064.03,"","",22
64,"2020-04-02",2747.77,"","",39
65,"2020-04-07",75451.11,"","",5
66,"2020-04-09",46110.00,"","",31
67,"2020-04-08",50000.00,"","",15
68,"2020-04-09",10424.64,"","",53
69,"2020-04-09",28800.00,"","",30
70,"2020-04-09",13250.59,"","",34
71,"2020-04-09",13716.00,"","",52
72,"2020-04-10",34244.40,"","",49
73,"2020-04-14",3687.30,"","",22
74,"2020-04-14",5382.00,"","",26
75,"2020-04-15",8065.56,"","",7
76,"2020-04-15",300000.00,"","",51
77,"2020-04-18",3240.00,"","",19
78,"2020-04-18",11870.40,"","",31
79,"2020-04-18",25597.91,"","",11
80,"2020-04-21",1941.30,"","",10
81,"2020-04-21",80000.00,"","",15
82,"2020-04-24",100000.00,"","",5
83,"2020-04-23",11000.00,"","",37
84,"2020-04-25",6350.40,"","",50
85,"2020-03-10",10000.00,"","",37
86,"2020-04-30",1170.42,"","",53
87,"2020-04-30",4072.20,"","",54
88,"2020-04-30",5925.97,"","",44
89,"2020-05-05",172373.82,"","",10
90,"2020-05-05",21879.92,"","",10
91,"2020-05-11",1216.80,"","",55
92,"2020-05-08",100000.00,"","",15
93,"2020-05-11",282038.88,"","",10
94,"2020-05-06",157720.00,"","",12
95,"2020-05-07",8525.64,"","",39
96,"2020-05-06",4712.45,"","",7
97,"2020-05-06",15211.38,"","",7
98,"2020-05-06",10546.37,"","",7
99,"2020-05-13",24947.82,"Gotovinski račun","",1
100,"2020-05-18",3455.04,"","",10
101,"2020-05-18",203135.21,"","",10
102,"2020-05-18",154006.91,"","",10
103,"2020-05-18",369881.04,"","",10
104,"2020-05-18",24627.17,"","",10
105,"2020-05-13",186992.20,"","",51
106,"2020-05-18",3084.48,"","",2
107,"2020-05-18",11604.96,"","",2
108,"2020-05-15",25000.00,"","",2
109,"2020-05-18",92040.00,"","",60
110,"2020-05-18",35478.16,"","",15
111,"2020-05-18",2510.76,"","",13
112,"2020-05-19",653.40,"","",10
113,"2020-05-19",232470.36,"","",10
114,"2020-05-19",2392.00,"","",26
115,"2020-05-19",5521.86,"","",37
116,"2020-05-19",4084.80,"","",58
117,"2020-05-21",72201.40,"","",15
118,"2020-05-22",269063.22,"","",10
119,"2020-05-26",1429.20,"","",45
120,"2020-05-26",2134.02,"","",45
121,"2020-05-26",11179.68,"","",45
122,"2020-05-25",4183.34,"","",2
123,"2020-05-20",2227.68,"","",56
124,"2020-05-26",1175.40,"","",57
125,"2020-05-28",1982.40,"","",7
126,"2020-05-28",1318.30,"","",7
127,"2020-06-01",6402.00,"","",70
128,"2020-06-01",100000.00,"","",5
129,"2020-06-01",50186.58,"","",7
130,"2020-06-01",5108.94,"","",7
131,"2020-06-01",2701.02,"","",7
132,"2020-06-01",3252.00,"","",64
133,"2020-06-01",38556.13,"","",47
134,"2020-06-03",1735.20,"","",36
135,"2020-06-03",4486.80,"","",69
136,"2020-06-03",4567.61,"","",66
137,"2020-06-03",42635.90,"","",15
138,"2020-06-03",35416.85,"","",15
139,"2020-06-04",13974.00,"","",74
140,"2020-06-05",220424.00,"","",73
141,"2020-06-05",10684.80,"","",68
142,"2020-06-05",13806.02,"","",62
143,"2020-06-08",9756.00,"","",64
144,"2020-06-08",11383.44,"","",7
145,"2020-06-08",2152.32,"","",7
146,"2020-06-09",1748.00,"","",26
147,"2020-06-09",5958.00,"","",76
148,"2020-06-09",31665.60,"","",75
149,"2020-06-09",3499.20,"","",61
150,"2020-06-09",7197.60,"","",13
151,"2020-06-09",6468.00,"","",10
152,"2020-06-09",33272.44,"","",15
153,"2020-06-11",3001.80,"","",67
154,"2020-06-11",368690.14,"","",10
155,"2020-06-11",4489.92,"","",10
156,"2020-06-11",11639.75,"","",10
157,"2020-06-11",10578.06,"","",11
158,"2020-06-15",6380.00,"","",71
159,"2020-06-16",95877.10,"","",12
160,"2020-06-16",1140.60,"","",36
161,"2020-06-17",5482.74,"","",7
162,"2020-06-17",453.12,"","",7
163,"2020-06-18",1756.80,"","",78
164,"2020-06-18",66371.17,"","",15
165,"2020-06-18",8899.73,"Gotovinski račun","",79
166,"2020-06-24",25000.00,"","",15
167,"2020-06-26",1915.20,"","",78
168,"2020-06-26",3112.00,"","",26
169,"2020-06-26",14145.38,"","",37
170,"2020-06-26",4728.35,"","",72
171,"2020-06-30",270073.15,"","",10
172,"2020-06-30",323863.20,"","",10
173,"2020-06-30",24078.52,"","",10
174,"2020-06-30",36279.60,"","",10
175,"2020-06-30",64633.78,"","",10
176,"2020-06-30",1859.26,"","",10
177,"2020-06-30",5078.41,"","",81
178,"2020-07-01",20045.00,"","",84
179,"2020-07-01",54433.00,"","",88
180,"2020-07-02",16104.95,"","",22
181,"2020-07-08",15275.00,"","",89
182,"2020-07-06",30000.00,"","",15
183,"2020-07-03",150000.00,"","",5
184,"2020-07-08",294143.46,"","",12
185,"2020-07-16",38432.69,"","",15
186,"2020-07-16",2939.02,"","",82
187,"2020-07-16",2049.02,"","",45
188,"2020-07-17",8173.44,"","",91
189,"2020-07-17",6344.24,"","",10
190,"2020-07-17",11894.41,"","",10
191,"2020-07-17",150000.00,"","",5
192,"2020-07-20",24536.45,"","",15
193,"2020-07-20",594.72,"","",10
194,"2020-07-20",17487.55,"","",10
195,"2020-07-20",4189.94,"","",10
196,"2020-07-23",283199.75,"","",10
197,"2020-07-23",246893.34,"","",10
198,"2020-07-23",8250.00,"","",65
199,"2020-07-23",1218.01,"","",21
200,"2020-07-23",22602.47,"","",10
201,"2020-07-29",1291.39,"","",10
202,"2020-07-24",4797.00,"Gotovinski račun","",95
203,"2020-07-30",1196.64,"","",31
204,"2020-07-30",7163.02,"","",71
205,"2020-07-31",3256.39,"","",93
206,"2020-07-31",8285.00,"","",92
207,"2020-07-31",4200.00,"","",89
208,"2020-07-31",9536.34,"","",87
209,"2020-07-31",1004.83,"","",86
210,"2020-07-31",990.00,"","",63
211,"2020-07-16",50000.00,"","",28
212,"2020-06-12",38821.44,"","",51
213,"2020-03-12",5999.40,"","",29
214,"2020-03-04",1532.16,"","",13
215,"2020-06-29",40762.63,"","",15
216,"2020-08-03",7383.96,"","",51
217,"2020-08-05",88925.18,"","",10
218,"2020-08-05",5754.77,"","",10
219,"2020-08-05",979.20,"","",91
220,"2020-08-05",7800.00,"","",97
221,"2020-08-07",55276.24,"","",15
222,"2020-08-07",44475.71,"","",15
223,"2020-08-07",206232.06,"","",10
224,"2020-08-07",1080.00,"","",19
225,"2020-08-07",264.00,"","",4
226,"2020-08-07",7753.20,"","",10
227,"2020-08-07",3910.20,"","",10
228,"2020-08-07",8241.60,"","",36
229,"2020-08-07",66540.67,"","",7
230,"2020-08-13",4106.39,"","",10
231,"2020-08-13",3542.83,"","",10
232,"2020-08-13",1265.03,"","",10
233,"2020-08-13",10469.08,"","",10
234,"2020-08-13",18293.59,"","",15
235,"2020-08-13",4738.00,"","",98
236,"2020-08-13",7185.06,"","",22
237,"2020-08-13",4440.58,"","",7
238,"2020-08-17",1554.00,"Gotovinski račun","",100
239,"2020-08-17",53992.08,"","",10
240,"2020-08-17",1410.34,"","",10
241,"2020-08-17",3977.60,"Gotovinski račun","",99
242,"2020-08-18",7165.67,"","",7
243,"2020-08-18",3263.63,"","",7
244,"2020-08-18",120000.00,"","",5
245,"2020-08-20",225143.41,"","",10
246,"2020-08-20",1331.04,"","",10
247,"2020-08-20",3510.00,"","",10
248,"2020-08-20",1628.50,"","",42
251,"2020-08-21",1970.40,"","",64
252,"2020-08-21",8997.00,"","",102
253,"2020-08-21",12984.79,"","",10
254,"2020-08-21",2448.55,"","",10
255,"2020-08-20",4230.00,"","",37
257,"2020-08-22",2957.50,"Gotovinski račun","",104
258,"2020-08-24",22340.65,"","",15
259,"2020-08-24",78531.08,"","",15
260,"2020-08-25",1102.78,"","",10
261,"2020-08-24",213188.40,"","",10
262,"2020-08-25",150000.00,"","",5
263,"2020-08-26",8283.60,"","",10
264,"2020-08-26",3960.00,"","",105
265,"2020-08-26",8833.00,"","",95
266,"2020-08-26",5640.64,"","",15
267,"2020-08-26",186893.30,"","",15
268,"2020-08-26",7581.50,"","",31
269,"2020-08-29",7805.00,"","",95
270,"2020-08-31",4644.00,"","",106
271,"2020-08-31",10000.00,"","",15
272,"2020-08-13",1512.58,"","",85
273,"2020-09-01",2853.61,"","",101
274,"2020-09-01",1129.22,"","",39
275,"2020-09-04",23600.00,"","",109
276,"2020-09-07",572.40,"","",63
277,"2020-09-07",990.00,"","",63
278,"2020-09-07",13105.46,"","",89
279,"2020-09-07",1915.91,"","",89
280,"2020-09-07",16425.60,"","",13
281,"2020-09-08",53100.00,"","",115
282,"2020-09-08",19211.21,"","",15
283,"2020-09-09",7765.60,"","",45
284,"2020-09-15",72332.29,"","",15
285,"2020-09-15",4128.20,"","",15
286,"2020-09-15",6575.82,"","",48
287,"2020-09-16",2737.61,"","",33
288,"2020-09-17",246044.16,"","",10
289,"2020-09-17",3077.82,"","",10
290,"2020-09-21",18842.15,"","",37
291,"2020-09-21",11439.84,"","",44
292,"2020-09-21",499.00,"","",10
293,"2020-09-21",71054.88,"","",10
294,"2020-09-21",5237.50,"","",10
295,"2020-09-21",189276.16,"","",10
296,"2020-09-21",1874.88,"","",13
297,"2020-09-21",7557.79,"","",26
298,"2020-09-21",12001.20,"","",94
299,"2020-09-21",40250.00,"","",107
300,"2020-09-21",28729.22,"","",111
301,"2020-09-23",1223.42,"","",7
302,"2020-09-23",5231.98,"","",7
303,"2020-09-23",46134.70,"","",7
304,"2020-09-22",50000.00,"","",28
305,"2020-09-23",254710.08,"","",10
306,"2020-09-24",3600.00,"Gotovinski račun","",119
307,"2020-09-24",3232.08,"","",108
308,"2020-09-24",2201.40,"Gotovinski račun","",121
309,"2020-04-01",482163.36,"Kompenzacija za Bajinu stolariju","",12
310,"2020-09-15",200000.00,"","",12
311,"2020-09-25",1390.76,"Gotovinski račun","",122
312,"2020-09-30",23720.41,"","",15
313,"2020-09-30",9512.92,"","",10
314,"2020-09-30",14267.06,"","",10
315,"2020-09-30",10855.44,"","",71
316,"2020-09-30",2558.98,"","",110
317,"2020-09-30",130000.00,"","",5
318,"2020-10-01",26286.40,"","",2
319,"2020-10-01",17699.99,"","",112
320,"2020-10-02",6038.35,"","",103
321,"2020-10-02",220216.32,"","",10
322,"2020-10-02",254752.43,"","",10
323,"2020-10-05",238278.82,"","",10
324,"2020-10-05",2793.00,"","",37
325,"2020-10-06",246808.80,"","",10
326,"2020-10-06",2478.00,"","",10
327,"2020-10-12",12000.00,"","",42
328,"2020-10-12",1890.00,"","",71
329,"2020-10-12",62510.88,"","",99
330,"2020-10-09",200000.00,"","",15
331,"2020-10-12",21001.32,"","",55
332,"2020-10-12",41519.76,"","",85
333,"2020-10-12",6114.06,"","",113
334,"2020-10-12",19500.64,"","",123
335,"2020-10-12",100000.00,"","",15
336,"2020-10-13",8784.92,"Gotovinski račun","",127
337,"2020-10-13",1320.28,"","",10
338,"2020-10-13",95155.20,"","",10
339,"2020-10-16",150000.00,"","",5
340,"2020-10-16",9377.20,"","",47
341,"2020-10-19",1917.00,"","",21
342,"2020-10-19",2852.00,"","",26
343,"2020-10-19",222142.08,"","",10
344,"2020-10-15",15099.96,"","",114
345,"2020-10-20",628.32,"","",128
346,"2020-10-12",600000.00,"","",12
347,"2020-10-21",61210.28,"","",10
348,"2020-10-21",234192.24,"Uplaćeno 86.408,28 + Knjižno 147.783,96","",10
349,"2020-10-22",6301.07,"","",39
350,"2020-10-26",100000.00,"","",15
351,"2020-10-26",5516.78,"","",103
352,"2020-10-22",255035.76,"","",10
353,"2020-10-22",94282.94,"","",7
354,"2020-10-22",9688.84,"","",7
356,"2020-10-23",37806.07,"","",7
357,"2020-10-27",1014.80,"","",118
358,"2020-10-29",3347.71,"","",10
359,"2020-10-29",131938.51,"","",10
360,"2020-10-29",4088.00,"","",132
361,"2020-10-29",50000.00,"","",15
362,"2020-10-29",8517.00,"","",124
363,"2020-11-02",130582.98,"","",10
364,"2020-11-02",176979.85,"","",10
374,"2020-11-10",7184.40,"","",135
375,"2020-11-10",32284.38,"","",15
376,"2020-11-12",200000.00,"","",5
377,"2020-11-12",2183.00,"","",91
378,"2020-11-12",277182.00,"","",10
379,"2020-11-12",8796.24,"","",41
380,"2020-11-16",80000.00,"","",15
381,"2020-11-16",57047.81,"","",7
382,"2020-11-18",841.40,"","",136
383,"2020-11-18",3550.00,"","",107
384,"2020-11-18",40000.01,"","",107
385,"2020-11-18",277182.00,"","",10
386,"2020-11-18",1325.38,"","",10
387,"2020-11-18",8806.81,"","",7
388,"2020-11-18",5898.98,"","",7
389,"2020-11-23",32788.63,"","",37
390,"2020-11-23",189036.00,"","",10
391,"2020-11-19",3462.95,"","",39
392,"2020-11-19",8812.32,"","",89
393,"2020-11-19",6435.90,"","",89
394,"2020-11-13",19000.00,"","",37
395,"2020-11-13",16500.00,"","",120
396,"2020-11-06",8230.24,"","",93
397,"2020-11-03",12402.14,"","",131
398,"2020-11-03",201501.05,"","",10
399,"2020-11-03",3899.66,"","",10
400,"2020-11-03",4399.99,"","",123
401,"2020-10-30",2172.96,"","",109
402,"2020-10-30",13171.58,"","",109
403,"2020-10-26",5256.72,"","",130
404,"2020-10-26",244260.00,"","",10
405,"2020-11-24",16382.41,"","",10
406,"2020-11-24",1458.43,"","",86
407,"2020-11-24",50000.00,"","",15
408,"2020-11-24",4200.00,"","",139
409,"2020-11-24",4688.40,"","",106
410,"2020-11-25",9029.64,"","",9
411,"2020-11-25",14950.00,"","",138
412,"2020-11-26",4950.00,"","",95
414,"2020-10-20",2852.00,"","",26
415,"2020-11-18",966.00,"","",26
416,"2020-11-27",5050.00,"","",140
417,"2020-11-30",330551.04,"","",10
418,"2020-12-01",7262.38,"","",10
419,"2020-12-01",17229.18,"","",10
420,"2020-12-01",154485.60,"","",10
421,"2020-12-01",1247.00,"","",137
422,"2020-12-03",9841.00,"","",2
423,"2020-12-08",2323.20,"","",36
424,"2020-12-08",123192.00,"","",10
425,"2020-12-08",8181.79,"","",10
426,"2020-12-08",3550.27,"","",10
427,"2020-12-10",5500.00,"","",62
428,"2020-12-10",4419.20,"","",41
429,"2020-12-11",55000.00,"","",5
430,"2020-12-11",70000.00,"","",15
431,"2020-12-11",301326.74,"","",85
432,"2020-12-14",13780.40,"","",120
433,"2020-12-14",1994.30,"Gotovinski račun","",144
434,"2020-12-15",50000.00,"","",15
435,"2020-12-16",202777.57,"","",10
436,"2020-12-16",744.82,"","",10
437,"2020-12-23",337094.40,"","",10
438,"2020-12-23",1206.43,"","",10
439,"2020-12-23",126448.80,"","",10
440,"2020-12-23",1702.02,"","",10
441,"2020-12-23",4200.06,"","",10
442,"2020-12-23",5800.00,"","",2
443,"2020-12-23",60000.00,"","",15
444,"2020-12-28",10806.59,"","",112
445,"2020-12-25",241505.88,"","",10
446,"2020-12-30",400727.51,"","",12
447,"2020-12-24",89935.80,"","",10
448,"2020-12-24",156147.97,"","",10
449,"2020-12-24",7210.00,"","",2
450,"2020-12-24",69620.00,"","",145
451,"2020-12-24",3468.40,"","",62
452,"2020-12-28",18238.37,"","",7
453,"2020-12-22",15209.96,"","",7
454,"2020-12-22",8370.89,"","",7
455,"2020-12-22",26216.04,"","",7
456,"2020-12-30",200000.00,"","",5
457,"2020-12-30",4711.00,"","",113
458,"2020-12-30",97335.84,"","",10
459,"2020-12-30",1611.74,"","",10
460,"2020-12-31",10010.00,"","",148
461,"2020-12-31",368650.64,"","",10
462,"2021-01-04",60000.00,"","",15
463,"2021-01-04",112572.00,"","",10
464,"2021-01-04",1391.64,"","",10
465,"2021-01-04",1925.76,"","",10
466,"2021-01-04",5639.93,"","",10
467,"2021-01-04",3808.20,"","",10
468,"2021-01-11",100000.00,"","",15
469,"2020-12-31",19581.16,"","",7
470,"2021-01-08",1560.43,"","",7
471,"2021-01-08",4175.44,"","",7
472,"2021-01-13",179899.40,"","",10
473,"2021-01-13",744.82,"","",10
474,"2021-01-14",2016.86,"","",146
475,"2021-01-18",13136.54,"","",89
476,"2021-01-18",14160.00,"","",10
477,"2021-01-18",9672.23,"","",10
478,"2021-01-18",273129.18,"","",10
479,"2021-01-19",10000.00,"","",37
480,"2021-01-14",783.20,"","",26
481,"2021-01-19",50000.00,"","",15
482,"2021-01-19",2974.00,"","",26
483,"2021-01-19",6449.68,"","",149
484,"2021-01-19",186455.46,"","",10
485,"2021-01-21",17259.70,"","",2
486,"2021-01-22",4080.26,"","",152
487,"2021-01-22",4281.38,"","",22
488,"2021-01-22",6975.12,"","",141
489,"2021-01-22",10177.92,"","",141
490,"2021-01-25",14410.79,"","",33
491,"2021-01-27",7484.40,"","",95
492,"2021-01-27",39987.31,"","",153
493,"2021-01-27",1890.00,"","",71
494,"2021-01-26",1451.52,"","",95
495,"2020-10-23",181901.83,"","",126
496,"2020-09-25",3038.40,"","",51
497,"2020-09-28",3685.50,"","",95
498,"2020-09-28",2948.40,"","",95
499,"2020-12-22",17615.88,"","",39
500,"2020-06-26",7411.51,"","",80
501,"2021-01-29",17331.77,"","",49
502,"2021-01-29",8320.32,"","",9
503,"2021-01-28",150804.00,"","",10
504,"2021-01-25",321648.65,"","",10
505,"2021-01-29",4294.60,"","",31
506,"2021-01-29",4785.84,"","",31
507,"2021-01-25",7918.27,"","",10
508,"2021-01-25",7997.21,"","",10
509,"2021-02-01",5081.21,"","",96
510,"2021-02-01",363266.30,"","",10
511,"2021-02-01",2460.44,"","",10
512,"2021-02-04",22988.60,"","",110
513,"2021-02-04",6910.85,"","",39
514,"2021-02-05",671.00,"","",118
515,"2021-02-02",33146.42,"","",15
516,"2021-02-02",1656.40,"","",19
517,"2021-02-08",278633.40,"","",10
518,"2021-02-08",5369.47,"","",10
519,"2021-02-08",4395.55,"","",10
520,"2021-02-08",2530.00,"","",26
521,"2021-02-11",17617.68,"","",154
522,"2021-02-11",1728.00,"","",125
523,"2021-02-11",3256.80,"","",10
524,"2021-02-11",1957.15,"","",10
525,"2021-02-11",47864.52,"","",10
526,"2021-02-11",177962.88,"","",10
527,"2021-02-12",3378.00,"","",150
528,"2021-02-17",2378.88,"","",89
529,"2021-02-17",250000.00,"","",5
530,"2021-02-17",300000.00,"","",12
531,"2021-02-17",44000.00,"","",154
532,"2021-02-17",38556.13,"","",47
533,"2021-02-17",12470.47,"","",156
534,"2021-02-17",210870.72,"","",10
535,"2021-02-22",215586.00,"","",10
536,"2021-02-22",11757.05,"","",10
537,"2020-08-26",526.75,"","",10
538,"2020-12-21",181746.43,"","",10
539,"2020-09-28",174876.00,"","",10
540,"2020-12-21",2053.20,"","",10
541,"2021-02-24",28908.00,"Gotovinski račun","",161
543,"2021-02-24",55071.00,"Gotovinski račun","",163
544,"2021-02-24",100000.00,"","",12
545,"2021-02-24",103345.46,"","",10
546,"2021-02-24",157319.02,"","",10
547,"2021-02-24",259534.63,"","",10
549,"2021-02-24",3392.39,"","",7
550,"2021-02-24",1742.53,"","",7
551,"2021-02-24",1105.75,"","",7
552,"2021-02-24",8192.27,"","",7
553,"2020-11-04",24965.29,"","",7
554,"2020-10-08",6908.66,"","",7
555,"2020-10-08",60899.33,"","",7
556,"2020-10-08",8184.84,"","",7
557,"2020-10-08",42920.02,"","",7
558,"2021-03-03",1361.60,"","",165
559,"2021-02-22",107215.92,"","",68
560,"2021-03-03",25000.00,"","",11
561,"2021-03-08",20000.00,"","",89
562,"2021-03-09",3672.41,"","",22
563,"2021-03-09",1011.95,"","",22
564,"2021-03-05",5504.56,"","",125
565,"2021-03-05",6784.84,"","",158
566,"2021-03-04",1826.20,"","",26
567,"2021-03-03",107298.86,"","",157
568,"2021-03-03",11748.07,"","",167
569,"2021-03-10",281253.54,"","",15
570,"2021-03-10",100000.00,"","",12
571,"2021-03-12",1059.58,"","",125
572,"2021-03-11",1189.44,"","",155
573,"2021-03-11",1404.20,"","",73
574,"2021-03-10",4891.68,"","",166
575,"2021-03-15",9632.00,"","",95
576,"2021-03-17",100000.00,"","",15
577,"2021-03-16",200000.00,"","",12
578,"2021-03-17",9000.00,"","",37
579,"2021-03-17",6500.00,"","",169
580,"2021-03-22",1988.06,"","",10
581,"2021-03-22",6840.82,"","",10
582,"2021-03-22",1840.00,"","",26
583,"2021-03-19",5998.80,"","",164
584,"2021-03-18",9544.32,"","",122
585,"2021-03-24",2369.10,"","",87
586,"2021-03-25",17713.60,"","",3
587,"2021-03-25",13000.03,"","",42
588,"2021-03-23",17535.74,"","",10
589,"2021-03-26",200000.00,"","",5
590,"2021-03-26",1854.96,"","",10
591,"2021-03-26",141215.56,"","",10
592,"2021-03-29",400000.00,"","",12
593,"2021-03-29",28867.00,"","",10
594,"2021-03-29",45312.00,"","",10
595,"2021-03-29",1180.24,"","",10
596,"2021-03-31",306903.84,"","",10
597,"2021-04-01",109492.20,"","",10
598,"2021-04-01",3552.00,"","",36
599,"2021-04-01",8460.31,"","",7
600,"2021-04-05",183446.46,"","",10
601,"2021-04-02",4571.64,"","",170
602,"2021-04-06",128325.00,"","",10
603,"2021-04-06",3951.07,"","",168
604,"2021-04-07",4580.40,"","",78
605,"2021-04-08",53188.36,"","",10
606,"2021-04-08",1892.40,"","",51
607,"2021-04-09",1813.00,"","",71
608,"2021-04-07",6000.00,"","",29
609,"2021-04-12",100000.00,"","",15
610,"2021-04-12",14504.65,"","",31
611,"2021-04-12",12352.00,"","",31
612,"2021-04-14",292585.25,"","",10
613,"2021-04-14",3083.51,"","",10
614,"2021-04-14",41031.84,"","",174
615,"2021-04-14",5906.88,"","",174
616,"2021-04-15",3961.60,"","",110
617,"2021-04-15",49124.74,"","",55
618,"2021-04-16",255655.97,"","",10
619,"2021-04-19",210630.00,"","",10
620,"2021-04-19",115913.76,"","",10
621,"2021-04-16",545015.60,"","",12
622,"2021-04-20",50000.00,"","",15
623,"2021-04-23",85384.80,"","",10
624,"2021-04-26",326632.73,"","",10
625,"2021-04-21",50000.00,"","",15
626,"2021-04-23",3979.00,"","",175
627,"2021-04-28",8868.79,"","",26
628,"2021-04-28",18321.06,"","",10
629,"2021-04-28",153990.00,"","",10
630,"2021-04-27",2241.60,"","",172
631,"2021-04-29",9095.45,"Gotovinski račun","",179
632,"2021-04-29",60000.00,"","",15
633,"2021-05-05",5197.10,"","",125
634,"2021-05-05",269118.83,"","",10
635,"2021-05-05",1369.84,"","",10
636,"2021-05-05",15094.56,"","",10
637,"2021-05-06",100000.00,"","",5
638,"2021-05-06",100422.72,"","",10
639,"2021-05-06",722.70,"","",155
640,"2021-05-06",19651.25,"","",7
641,"2021-05-06",471.24,"","",7
642,"2021-05-06",15423.85,"","",7
643,"2021-05-07",13467.10,"","",177
644,"2021-05-10",636.00,"","",178
645,"2021-05-10",4077.85,"","",22
646,"2021-05-10",3470.60,"","",22
647,"2021-05-12",2540.93,"","",176
648,"2021-05-11",5299.20,"","",76
649,"2021-05-14",135509.06,"","",10
650,"2021-05-18",100000.00,"","",157
651,"2021-05-18",172723.68,"","",10
652,"2021-05-18",181859.71,"","",10
653,"2021-05-19",10990.60,"","",182
654,"2021-05-20",6195.00,"Gotovinski račun","",183
655,"2021-05-20",80000.00,"","",15
656,"2021-05-25",150000.00,"","",5
657,"2021-05-24",892.08,"","",10
658,"2021-05-24",8688.82,"","",10
659,"2021-05-27",80000.00,"","",15
660,"2021-05-26",3876.40,"","",182
661,"2021-05-26",284730.53,"","",10
662,"2021-05-25",1298.57,"","",10
663,"2021-05-25",14407.09,"","",10
664,"2021-05-20",2396.72,"","",6
665,"2021-05-27",439975.44,"","",12
666,"2021-05-28",5806.80,"","",26
667,"2021-05-31",36239.27,"","",15
668,"2021-05-31",253125.82,"","",10
669,"2021-05-31",1557.00,"","",10
670,"2021-06-03",224393.52,"","",10
671,"2021-06-02",4950.00,"","",185
672,"2021-06-04",6219.20,"","",172
673,"2021-06-04",65215.30,"","",10
674,"2021-06-04",118944.00,"","",10
675,"2021-06-08",37824.00,"","",112
676,"2021-06-08",3600.00,"","",33
677,"2021-06-10",13150.45,"","",186
678,"2021-06-09",393724.80,"","",68
679,"2021-06-09",1936.33,"","",10
680,"2021-06-11",14296.51,"","",131
681,"2021-06-11",103117.31,"","",10
682,"2021-06-11",39060.42,"","",10
683,"2021-06-14",65000.00,"","",15
684,"2021-06-14",430792.32,"","",60
685,"2021-06-11",8467.68,"","",68
686,"2021-06-16",1900.00,"","",155
687,"2021-06-16",82450.00,"","",145
688,"2021-06-15",6794.16,"","",39
689,"2021-06-11",1391.64,"","",7
690,"2021-06-18",154889.28,"","",10
691,"2021-06-18",11475.86,"","",10
692,"2021-06-18",12352.36,"","",10
693,"2021-06-18",771.82,"","",10
694,"2021-06-18",10768.45,"","",187
695,"2021-06-18",65000.00,"","",15
696,"2021-06-19",9831.36,"Gotovinski račun","",194
697,"2021-06-23",248309.76,"","",10
698,"2021-06-30",304083.88,"","",10
699,"2021-07-05",92300.54,"","",10
700,"2021-07-05",5094.38,"","",10
701,"2021-07-05",3564.76,"","",10
702,"2021-07-13",146598.48,"","",10
704,"2021-07-13",1124.02,"","",10
705,"2021-07-13",1527.84,"","",10
707,"2021-07-21",214618.06,"","",10
708,"2021-06-21",13296.50,"","",131
709,"2021-06-21",18963.60,"","",189
710,"2021-06-22",8864.47,"","",193
711,"2021-06-23",4813.45,"","",191
712,"2021-06-25",14469.66,"","",89
713,"2021-06-28",13543.09,"","",6
714,"2021-06-28",1857.31,"","",6
715,"2021-07-01",1772.88,"","",76
716,"2021-07-06",1638.01,"","",120
717,"2021-07-07",11947.20,"","",200
718,"2021-07-07",671.00,"","",197
719,"2021-07-08",15000.00,"","",37
720,"2021-07-08",12285.00,"","",148
721,"2021-07-08",1825.20,"","",123
722,"2021-07-08",49125.12,"","",199
724,"2021-07-08",3802.92,"","",9
725,"2021-07-09",10000.00,"","",29
726,"2021-07-09",15552.98,"","",196
727,"2021-07-09",7280.40,"","",181
728,"2021-07-09",13750.00,"","",107
729,"2021-07-12",2230.56,"","",36
730,"2021-07-12",4248.48,"","",125
731,"2021-07-13",3388.00,"","",26
732,"2021-07-13",22758.80,"","",13
733,"2021-07-14",7165.19,"","",6
734,"2021-07-15",639.74,"","",2
735,"2021-07-22",2331.00,"","",198
736,"2021-07-23",28900.14,"","",26
737,"2021-07-23",4914.00,"","",86
738,"2021-07-23",161089.82,"","",10
739,"2021-07-23",64682.88,"","",10
740,"2021-07-13",51072.84,"","",111
741,"2021-06-30",52520.63,"","",7
742,"2021-06-24",79967.74,"","",7
743,"2021-07-23",252489.41,"","",7
744,"2021-07-26",205848.76,"","",10
745,"2021-07-27",100000.00,"","",15
746,"2021-07-29",1596.24,"","",31
747,"2021-07-29",41952.09,"","",15
748,"2021-07-29",18994.93,"","",111
749,"2021-08-03",4302.50,"","",7
750,"2021-08-03",46371.49,"","",7
751,"2021-08-03",29659.06,"","",7
752,"2021-08-03",5842.38,"","",10
753,"2021-08-03",150948.68,"","",10
754,"2021-08-03",850.00,"","",155
755,"2021-08-03",1600.00,"","",155
756,"2021-08-03",5096.00,"","",33
757,"2021-07-30",65410.69,"","",6
758,"2021-07-30",194048.64,"","",10
759,"2021-07-30",1935.23,"","",10
760,"2021-07-30",2897.10,"","",55
761,"2021-08-04",120000.00,"","",5
762,"2021-04-16",3945.40,"","",31
763,"2021-08-04",21956.16,"","",199
764,"2021-08-05",76464.00,"","",173
769,"2021-08-06",11809.27,"Gotovinski račun","",206
772,"2021-08-09",600000.00,"","",12
773,"2021-08-11",7441.85,"","",68
774,"2021-08-11",1265.50,"","",21
775,"2021-08-09",4566.00,"","",165
776,"2021-08-12",8920.80,"","",10
777,"2021-08-12",80287.20,"","",10
778,"2021-08-12",110299.32,"","",10
779,"2021-08-16",27264.74,"","",209
780,"2021-08-16",13867.80,"","",204
781,"2021-08-17",12396.49,"","",6
782,"2021-08-17",189540.10,"","",10
783,"2021-08-17",1398.60,"","",22
784,"2021-08-17",3463.21,"","",22
785,"2021-08-17",486.00,"","",22
786,"2021-08-17",1312.20,"","",22
787,"2021-08-17",1491.11,"","",22
788,"2021-08-18",309740.99,"","",207
789,"2021-08-18",8566.80,"","",10
790,"2021-08-18",3430.46,"","",10
791,"2021-08-20",10000.00,"","",188
792,"2021-08-20",3626.60,"","",2
793,"2021-08-25",3639.61,"","",6
794,"2021-08-25",11970.26,"","",6
795,"2021-08-27",10517.88,"","",6
796,"2021-08-27",52285.62,"","",6
797,"2021-08-27",4263.91,"","",47
798,"2021-08-24",11970.26,"","",6
799,"2021-08-27",21800.83,"","",9
800,"2021-08-31",4050.00,"","",9
801,"2021-08-30",57786.94,"","",6
802,"2021-08-30",109520.52,"","",10
803,"2021-08-31",147363.12,"","",10
804,"2021-09-03",4879.76,"","",188
805,"2021-09-03",4000.00,"","",37
806,"2021-09-02",35240.00,"","",107
807,"2021-09-01",14544.73,"","",62
808,"2021-09-03",10037.33,"","",7
809,"2021-09-03",7529.90,"","",7
810,"2021-09-03",85332.82,"","",7
811,"2021-09-08",7947.11,"","",10
812,"2021-09-08",3236.17,"","",10
813,"2021-09-07",12650.00,"","",202
814,"2021-09-06",75677.41,"","",10
815,"2021-09-14",7553.70,"Gotovinski račun","",119
816,"2021-09-15",65000.00,"","",5
817,"2021-09-15",5102.10,"","",10
818,"2021-09-15",5102.10,"","",10
819,"2021-09-14",2138.16,"","",67
820,"2021-09-15",35647.68,"","",190
821,"2021-09-17",3046.00,"","",211
822,"2021-09-20",1381.20,"","",2
826,"2021-09-20",3600.00,"","",2
827,"2021-09-20",12133.38,"","",6
828,"2021-09-17",233472.32,"","",10
830,"2021-09-27",2615.76,"","",13
831,"2021-09-27",11104.62,"","",10
832,"2021-09-27",4990.60,"","",10
833,"2021-09-27",154896.24,"","",10
834,"2021-09-22",2533.22,"","",39
835,"2021-09-22",1529.05,"","",212
836,"2021-09-21",5905.01,"","",111
837,"2021-09-22",23134.58,"","",7
838,"2021-09-22",24644.10,"","",7
839,"2021-09-10",10834.36,"","",7
840,"2021-09-10",14177.11,"","",7
841,"2021-08-06",12800.00,"","",42
842,"2021-09-05",37095.66,"","",10
843,"2021-10-04",287768.02,"","",10
844,"2021-10-04",18654.20,"","",214
845,"2021-09-30",8760.23,"","",10
848,"2021-09-30",62161.72,"","",6
851,"2021-09-29",4668.40,"","",2
854,"2021-09-28",297818.78,"","",10
855,"2021-09-28",150000.00,"","",5
856,"2021-09-22",232471.09,"","",10
857,"2021-09-22",2294.76,"","",10
858,"2021-10-06",270534.83,"","",10
859,"2021-10-06",7169.56,"","",210
860,"2021-10-07",13789.44,"Gotovinski račun","",215
861,"2021-10-11",6178.14,"","",111
862,"2021-10-11",10219.13,"","",208
863,"2021-10-07",11577.37,"","",10
864,"2021-10-07",8222.94,"","",10
865,"2021-10-12",2360.90,"","",213
866,"2021-10-12",3802.25,"","",10
867,"2021-10-18",35423.36,"","",190
868,"2021-10-18",8939.47,"","",10
869,"2021-10-18",2619.92,"","",10
871,"2021-10-14",175949.90,"","",15
872,"2021-10-14",100000.00,"","",5
873,"2021-10-18",1667.04,"","",217
874,"2021-10-15",3286.08,"","",22
875,"2021-10-15",3653.56,"","",22
876,"2021-10-15",13144.79,"","",22
877,"2021-10-14",25468.34,"","",216
879,"2021-10-15",52065.43,"","",7
880,"2021-10-15",6297.68,"","",7
881,"2021-09-30",87871.60,"","",184
882,"2021-10-27",26073.60,"Gotovinski račun","",224
883,"2021-10-25",4382.88,"","",26
884,"2021-10-22",943.80,"","",47
885,"2021-10-21",14498.32,"","",141
887,"2021-10-26",20471.90,"","",85
888,"2021-10-26",35618.70,"","",85
892,"2021-10-27",2854.30,"","",10
900,"2021-10-28",3269.70,"Gotovinski račun","",225
901,"2021-11-01",5499.91,"","",226
902,"2021-10-28",23166.00,"","",47
903,"2021-10-28",148423.94,"","",10
904,"2021-10-28",112100.00,"","",219
905,"2021-10-29",18120.00,"","",120
906,"2021-10-29",200000.00,"","",5
907,"2021-11-01",3364.78,"","",10
908,"2021-11-01",3277.06,"","",10
909,"2021-11-01",266646.96,"","",10
910,"2021-11-02",237132.01,"","",10
911,"2021-11-03",9148.40,"Gotovinski račun","",227
913,"2021-11-05",3005.17,"","",190
915,"2021-11-10",3666.00,"","",95
916,"2021-11-09",88141.61,"","",6
917,"2021-11-11",2110.00,"","",71
918,"2021-10-21",40138.88,"","",7
919,"2021-10-29",11039.64,"","",7
920,"2021-10-15",9462.07,"","",7
921,"2021-11-09",50000.00,"","",15
922,"2021-11-08",180396.98,"","",10
923,"2021-11-08",320113.70,"","",10
924,"2021-11-03",100000.00,"","",5
925,"2021-11-12",18049.54,"","",220
926,"2021-11-15",3255.04,"","",190
927,"2021-11-12",342323.90,"","",10
928,"2021-11-12",27200.88,"","",222
929,"2021-11-12",24236.46,"","",190
930,"2021-11-12",3592.25,"","",218
931,"2021-11-15",19000.00,"","",37
932,"2021-10-06",600000.00,"","",12
935,"2021-11-19",1019.70,"Gotovinski račun","",235
936,"2021-11-26",2432.80,"Gotovinski račun","",211
937,"2021-12-13",916.90,"Gotovinski račun","",240
938,"2021-12-13",916.90,"Gotovinski račun","",240
939,"2021-12-13",1989.50,"Gotovinski račun","",240
940,"2021-12-13",1749.71,"Gotovinski račun","",240
941,"2021-12-13",660.00,"Gotovinski račun","",240
942,"2021-12-13",2621.60,"Gotovinski račun","",211
943,"2021-11-09",34546.18,"","",215
944,"2021-11-09",8754.41,"","",223
945,"2021-11-16",31904.04,"","",145
946,"2021-11-16",256627.12,"","",10
947,"2021-11-17",7270.24,"","",141
948,"2021-10-21",14498.32,"","",141
949,"2021-11-17",6201.28,"","",26
950,"2021-11-17",3665.60,"","",229
951,"2021-11-18",1330.44,"","",80
952,"2021-11-18",1444.32,"","",10
953,"2021-11-18",91822.88,"","",10
954,"2021-11-19",16007.68,"","",9
955,"2021-11-19",3645.00,"","",9
956,"2021-11-19",337302.04,"","",5
957,"2021-11-22",3255.04,"","",190
958,"2021-11-22",103460.04,"","",10
959,"2021-11-22",292089.53,"","",10
960,"2021-11-22",87358.00,"","",60
961,"2021-11-23",14691.00,"","",58
962,"2021-11-23",18841.50,"","",10
963,"2021-11-23",2310.91,"","",10
964,"2021-11-24",50000.00,"","",15
965,"2021-11-24",18000.00,"","",120
966,"2021-12-19",6000.00,"","",37
967,"2021-11-29",26589.20,"","",89
968,"2021-11-29",100000.00,"","",15
969,"2021-11-29",120470.14,"","",6
970,"2021-11-29",1500.00,"","",232
971,"2021-11-29",56505.60,"","",68
973,"2021-11-30",100000.00,"","",15
974,"2021-12-01",2145.32,"","",234
975,"2021-12-01",1175780.00,"","",10
976,"2021-12-02",50000.00,"","",15
977,"2021-12-02",14176.62,"","",6
978,"2021-12-03",100000.00,"","",236
979,"2021-12-03",4422.60,"","",95
980,"2021-12-03",13650.24,"","",95
981,"2021-12-03",7900.00,"","",138
982,"2021-12-03",187638.56,"","",85
983,"2021-12-03",3672.80,"","",233
984,"2021-12-06",14600.00,"","",37
985,"2021-12-07",3922.00,"","",239
986,"2021-12-08",20000.00,"","",176
987,"2021-12-08",100000.00,"","",37
988,"2021-12-08",1042.80,"","",103
989,"2021-12-08",3231.61,"","",78
990,"2021-12-09",1125.24,"","",193
991,"2021-12-10",197946.65,"","",6
992,"2021-12-13",19490.40,"","",155
993,"2021-12-14",1000000.00,"","",12
994,"2021-12-14",100000.00,"","",15
995,"2021-12-14",137786.05,"","",236
996,"2021-12-16",100371.92,"","",230
997,"2021-12-16",2497.20,"","",2
998,"2021-12-16",4994.40,"","",2
999,"2021-12-16",2761.20,"","",67
1000,"2021-12-16",12890.70,"","",222
1001,"2021-12-17",8362.40,"","",238
1002,"2021-12-17",79742.75,"","",190
1003,"2021-11-30",71835.10,"","",111
1004,"2021-11-26",11203.05,"","",22
1005,"2021-12-28",80000.00,"","",15
1006,"2021-12-31",50000.00,"","",15
1007,"2021-12-24",24000.00,"","",37
1008,"2020-11-05",50000.00,"","",15
1009,"2022-01-17",432607.88,"","",12
1010,"2022-01-17",3300.60,"","",198
1011,"2022-01-19",16544.83,"","",7
1012,"2022-01-19",2800.56,"","",7
1013,"2021-12-29",5256.90,"","",111
1014,"2021-12-28",28804.20,"","",7
1015,"2021-12-28",14933.48,"","",7
1016,"2021-11-30",71835.10,"","",111
1017,"2021-12-23",20000.00,"","",176
1018,"2021-12-27",5013.84,"","",26
1019,"2021-12-27",31419.50,"","",190
1020,"2021-12-27",3937.84,"","",231
1021,"2021-12-27",2801.77,"","",13
1022,"2021-12-27",68903.12,"","",89
1023,"2021-12-28",2208.00,"","",98
1024,"2021-12-28",9637.24,"","",85
1025,"2021-12-30",8119.12,"","",39
1026,"2022-01-06",1380.00,"","",155
1027,"2022-01-10",2266.82,"","",9
1028,"2022-01-11",3259.39,"","",190
1029,"2022-01-13",38062.44,"","",173
1030,"2022-01-13",5644.80,"","",173
1031,"2022-01-17",780.00,"","",33
1032,"2022-01-20",6068.29,"","",36
1033,"2022-02-01",100000.00,"","",15
1034,"2022-02-02",8000.00,"","",42
1035,"2022-02-01",3098.98,"","",243
1036,"2022-01-31",21804.00,"","",242
1037,"2022-01-28",2766.12,"","",241
1038,"2022-01-27",69498.00,"","",47
1039,"2022-01-26",29999.45,"","",10
1040,"2022-01-26",14765.04,"","",26
1041,"2022-01-25",5144.64,"","",68
1042,"2022-01-25",66563.83,"","",6
1043,"2022-01-25",985.80,"","",19
1044,"2022-01-24",2405.70,"","",22
1045,"2022-01-24",23173.30,"","",176
1046,"2022-02-03",985.80,"","",19
1047,"2022-02-03",9195.19,"","",13
1048,"2022-02-03",6879.40,"","",72
1049,"2022-02-07",12315.12,"","",26
1050,"2022-02-07",6265.92,"","",95
1051,"2022-02-07",1399.57,"","",95
1052,"2022-02-08",80000.00,"","",15
1053,"2022-02-08",600000.00,"","",5
1054,"2022-02-08",500000.00,"","",12
1056,"2022-03-01",242316.42,"","",10
1057,"2022-02-25",19684.75,"","",252
1058,"2022-02-25",31870.28,"","",253
1059,"2022-02-24",5564.16,"","",26
1060,"2022-02-24",9303.62,"","",247
1061,"2022-02-23",121622.36,"","",6
1062,"2022-02-23",27446.70,"","",51
1063,"2022-02-22",31998.41,"","",190
1064,"2022-02-22",21529.90,"","",245
1065,"2022-02-22",360.36,"","",250
1066,"2022-02-18",13859.69,"","",190
1067,"2022-02-18",5704.36,"","",190
1068,"2022-02-18",2107.86,"","",190
1069,"2022-02-18",10514.26,"","",190
1070,"2022-02-17",6800.80,"","",249
1071,"2022-02-14",1716.86,"","",23
1072,"2022-02-11",351373.21,"","",10
1073,"2022-02-10",1330.44,"","",80
1074,"2022-02-09",3416.64,"","",3
1076,"2022-02-09",330.00,"","",201
1077,"2022-02-07",14896.01,"","",85
1078,"2022-02-23",100000.00,"","",5
1080,"2022-03-09",600231.74,"","",12
1081,"2022-03-08",1890.00,"","",139
1082,"2022-03-07",216459.67,"","",10
1083,"2022-03-07",14999.69,"","",6
1084,"2022-03-07",39897.07,"","",6
1087,"2022-03-07",1890.00,"","",254
1088,"2022-03-14",50000.00,"","",15
1089,"2022-03-14",94031.61,"","",10
1090,"2022-03-14",15000.00,"","",37
1091,"2022-03-15",37467.51,"","",10
1092,"2022-03-16",8121.20,"","",202
1093,"2021-10-18",151738.56,"kompenzacije Oktobar 2021. Iverica 15.510,10; uplaćeno 136228,46","",10
1094,"2021-12-01",163751.90,"","",10
1095,"2021-12-01",151046.72,"","",10
1096,"2021-12-01",146588.10,"","",10
1097,"2021-12-01",148911.64,"","",10
1098,"2022-03-21",1045.00,"Gotovinski račun","",257
1099,"2022-03-02",545.30,"","",23
1100,"2022-03-22",28481.52,"","",31
1101,"2022-03-21",36951.00,"","",33
1102,"2022-03-16",7211.30,"","",248
1103,"2022-03-16",215050.52,"","",190
1104,"2022-03-16",4074.19,"","",190
1105,"2022-03-22",300388.01,"","",10
1106,"2022-03-23",2129.39,"","",151
1107,"2022-03-24",7990.85,"","",190
1108,"2022-03-24",40961.73,"","",10
1109,"2022-03-25",29820.96,"","",222
1110,"2022-03-25",3545.76,"","",258
1111,"2022-03-25",50000.00,"","",15
1112,"2022-03-25",8455.20,"","",64
1113,"2022-03-26",17831.40,"","",89
1114,"2022-03-28",4802.28,"","",130
1115,"2022-03-28",17261.84,"","",6
1116,"2022-03-28",9455.34,"","",6
1117,"2022-03-28",225745.51,"","",10
1118,"2022-03-28",7683.18,"","",10
1119,"2022-03-29",12000.00,"","",42
1120,"2022-03-29",1925.29,"","",190
1121,"2022-03-30",6652.37,"","",6
1122,"2022-03-30",1906.88,"","",6
1123,"2022-03-30",391817.40,"","",12
1125,"2022-03-31",4978.52,"","",3
1126,"2022-04-04",9066.52,"Gotovinski račun","",194
1127,"2022-04-01",18651.36,"","",260
1128,"2022-04-01",70272.64,"","",261
1129,"2022-04-01",547.75,"","",250
1130,"2022-03-31",176802.89,"","",10
1131,"2022-04-01",150000.00,"","",10
1136,"2022-04-06",361634.61,"","",12
1137,"2022-04-07",317142.91,"","",10
1138,"2022-04-07",57820.00,"","",263
1139,"2022-04-04",991.16,"","",229
1140,"2022-04-08",171435.77,"","",230
1141,"2022-04-11",3533.40,"","",256
1142,"2022-04-13",4584.00,"","",267
1143,"2022-04-14",10709.70,"","",268
1144,"2022-04-14",107016.76,"","",37
1145,"2022-04-14",1260.00,"","",259
1146,"2022-04-12",50000.00,"","",15
1147,"2022-04-12",70966.20,"","",6
1148,"2022-04-11",37473.70,"","",7
1149,"2022-04-11",1055.34,"","",7
1150,"2022-02-25",108021.47,"","",7
1151,"2022-02-24",6158.18,"","",7
1152,"2022-04-28",13454.90,"","",39
1153,"2022-04-28",5105.16,"","",270
1154,"2022-04-27",2519.53,"","",78
1155,"2022-04-26",2091.90,"","",26
1156,"2022-04-29",100000.00,"","",15
1157,"2022-04-15",50000.00,"","",15
1158,"2022-04-04",160000.00,"","",5
1159,"2022-04-15",2191.44,"","",26
1160,"2022-04-18",20000.04,"","",42
1161,"2022-04-18",1763.88,"","",72
1162,"2022-04-18",272867.78,"","",10
1163,"2022-04-18",3683.30,"","",10
1164,"2022-04-18",37288.80,"","",49
1165,"2022-04-20",38954.16,"","",269
1166,"2022-04-21",41987.92,"","",10
1167,"2022-04-04",132860.40,"","",157
1168,"2022-04-21",120000.00,"","",157
1169,"2022-04-29",35297.23,"","",190
1170,"2022-05-05",248897.15,"","",10
1171,"2022-05-05",240860.27,"","",10
1172,"2022-05-07",7650.00,"Gotovinski račun","",271
1173,"2022-05-11",4185.28,"","",167
1174,"2022-05-11",2351.92,"","",130
1175,"2022-05-10",54962.47,"","",264
1176,"2022-05-10",180614.50,"","",264
1177,"2022-05-11",2464.80,"","",33
1178,"2022-04-15",3340.20,"","",217
1179,"2022-05-16",200000.00,"","",10
1181,"2022-05-18",4600.97,"","",9
1182,"2022-05-18",169354.07,"","",10
1183,"2022-05-18",38205.10,"","",10
1184,"2022-05-17",10000.00,"","",37
1185,"2022-05-19",27170.60,"","",270
1186,"2022-05-19",32984.03,"","",12
1187,"2022-05-19",18045.78,"","",12
1188,"2022-05-19",42723.97,"","",12
1189,"2022-05-19",92169.91,"","",12
1190,"2022-05-20",13663.20,"","",195
1191,"2022-05-20",11123.88,"","",273
1192,"2022-05-20",108756.67,"","",265
1193,"2022-05-20",140000.00,"","",15
1194,"2022-05-20",33578.98,"","",10
1195,"2022-05-24",3032.40,"Gotovinski račun","",277
1196,"2022-05-24",47756.96,"","",10
1197,"2022-05-23",392915.10,"","",10
1198,"2022-05-25",91120.13,"","",276
1199,"2022-05-23",4885.20,"","",267
1200,"2022-05-23",4898.10,"","",275
1201,"2022-05-23",11260.81,"","",45
1202,"2022-05-26",10800.00,"","",73
1203,"2022-05-26",12528.00,"","",73
1204,"2022-05-27",275382.01,"","",7
1205,"2022-05-27",24110.94,"","",6
1206,"2022-05-27",19185.67,"","",6
1207,"2022-05-27",25124.94,"","",6
1208,"2022-05-27",62729.33,"","",6
1209,"2022-05-18",18455.70,"","",208
1210,"2022-05-30",224348.91,"","",10
1211,"2022-05-31",55972.67,"","",6
1212,"2022-06-01",200000.00,"","",5
1213,"2022-05-31",12292.67,"","",188
1214,"2022-06-01",108353.57,"","",10
1215,"2022-06-03",4892.58,"Gotovinski račun","",262
1216,"2022-06-07",7440.01,"","",10
1217,"2022-06-06",4964.70,"","",26
1218,"2022-06-06",790.86,"","",58
1219,"2021-11-23",14691.00,"","",58
1220,"2022-02-09",2610.82,"","",111
1221,"2022-06-09",8967.00,"Gotovinski račun","",279
1222,"2022-06-10",688.68,"","",7
1223,"2022-06-10",2701.19,"","",7
1224,"2022-06-10",67335.36,"","",7
1225,"2022-06-08",12000.00,"","",37
1226,"2022-06-13",250000.00,"","",15
1227,"2022-06-14",7229.30,"Gotovinski račun","",280
1228,"2022-06-17",3574.27,"","",231
1229,"2022-06-15",8460.84,"","",154
1230,"2022-06-14",359782.31,"","",10
1231,"2022-06-17",200000.00,"","",12
1232,"2022-06-14",4749.28,"","",6
1233,"2022-06-14",58170.76,"","",6
1234,"2022-06-13",5104.50,"","",19
1235,"2022-06-20",11241.10,"","",95
1236,"2022-06-21",700.00,"","",122
1237,"2022-06-21",1711.44,"","",10
1238,"2022-06-21",4685.04,"","",263
1239,"2022-06-21",11527.10,"","",263
1240,"2022-06-22",3850.00,"","",281
1241,"2022-06-30",5090.40,"","",58
1242,"2022-06-30",3646.93,"","",39
1243,"2022-06-24",6022.81,"","",7
1244,"2022-06-24",25076.11,"","",7
1245,"2022-06-24",4821.17,"","",26
1246,"2022-06-27",5574.20,"","",195
1247,"2022-06-27",3837.24,"","",22
1248,"2022-06-27",277723.00,"","",10
1249,"2022-06-27",1511.16,"","",10
1250,"2022-07-05",177040.84,"","",190
1251,"2022-07-05",1200.60,"","",155
1252,"2022-07-05",1297.20,"","",155
1253,"2022-07-05",1297.20,"","",155
1254,"2022-07-06",4587.84,"","",203
1255,"2022-07-06",38806.10,"","",6
1256,"2022-07-08",10078.70,"","",258
1257,"2022-07-08",250000.00,"","",15
1258,"2022-06-27",100000.00,"","",12
1259,"2022-07-18",1269.68,"","",10
1260,"2022-07-12",5058.84,"","",10
1261,"2022-07-13",5582.82,"","",10
1262,"2022-07-14",13209.16,"","",10
1263,"2022-07-18",25527.65,"","",10
1264,"2022-07-25",452266.38,"","",10
1266,"2022-07-14",150000.00,"UPLAĆENO JE 200 HILJADA ALI SAM UPISAO 150 JER SAM PRETHODNU UPLATU ZAVEO NA 250 A UPLAĆENO JE BILO 200 HILJADA","",15
1267,"2022-07-25",200000.00,"","",15
1268,"2022-07-26",180000.00,"","",15
1269,"2022-08-01",100000.00,"","",15
1270,"2022-07-11",8966.33,"","",7
1271,"2022-07-11",53757.65,"","",7
1272,"2022-07-25",947.64,"","",7
1273,"2022-07-25",10415.99,"","",7
1274,"2022-08-01",13368.66,"","",26
1275,"2022-07-21",14728.28,"","",35
1276,"2022-07-12",100000.00,"","",5
1277,"2022-07-18",100000.00,"","",5
1278,"2022-07-14",1311.00,"","",72
1279,"2022-07-13",715.00,"","",99
1280,"2022-07-11",148264.33,"","",85
1281,"2022-07-11",60397.56,"","",85
1282,"2022-07-11",15511.02,"","",190
1283,"2022-07-11",22011.13,"","",190
1284,"2022-07-11",1870.30,"","",190
1285,"2022-03-11",14966.90,"","",36
1286,"2022-08-01",10638.25,"","",6
1287,"2022-08-01",45481.92,"","",6
1288,"2022-07-15",398.00,"Gotovinski račun","",175
1289,"2022-08-09",2359.00,"","",10
1290,"2022-08-09",2041.66,"","",87
1291,"2022-08-08",8476.51,"","",26
1292,"2022-08-05",67385.33,"","",190
1293,"2022-08-05",8178.05,"","",9
1294,"2022-08-05",3906.00,"","",95
1295,"2022-08-05",302910.79,"","",266
1296,"2022-08-02",62315.75,"","",49
1297,"2022-08-02",17100.00,"","",36
1298,"2022-06-01",15659.28,"","",274
1299,"2022-08-11",147858.72,"","",10
1300,"2022-08-11",92250.41,"","",10
1301,"2022-08-11",9187.33,"","",10
1303,"2022-08-11",279444.22,"","",10
1305,"2022-08-11",474035.15,"","",10
1306,"2022-08-12",200000.00,"","",12
1309,"2022-08-11",5465.04,"Gotovinski račun","",285
1310,"2022-08-12",171230.71,"","",157
1311,"2022-08-15",50000.00,"","",12
1312,"2022-08-16",383935.38,"","",10
1313,"2022-08-16",6747.89,"","",10
1314,"2022-08-16",2972.00,"","",10
1315,"2022-08-18",300000.00,"","",5
1316,"2022-04-21",31477.68,"","",1
1317,"2022-08-17",18720.00,"","",189
1318,"2022-08-19",136271.05,"","",10
1319,"2022-08-19",55522.21,"","",276
1320,"2022-08-23",100000.00,"","",15
1321,"2022-08-22",4841.02,"","",9
1322,"2022-08-22",416574.34,"","",10
1323,"2022-08-22",9154.67,"","",10
1324,"2022-08-22",16360.70,"","",10
1325,"2022-08-23",11860.20,"Gotovinski račun","",259
1326,"2022-08-23",1882.80,"","",35
1327,"2022-08-24",112033.93,"","",10
1328,"2022-08-24",191661.85,"","",10
1329,"2021-10-14",179946.00,"KOMPENZACIJA ZA STOLARIJU PO RAČUNU 22/21 OD 14.10.2021.","",5
1330,"2022-08-27",3176.04,"Gotovinski račun","",287
1331,"2022-08-29",10264.64,"","",10
1332,"2022-08-26",3125.10,"","",19
1333,"2022-08-25",31353.71,"","",6
1334,"2022-08-25",10668.52,"","",6
1335,"2022-08-25",13115.34,"","",40
1336,"2022-08-25",26712.00,"","",40
1337,"2022-08-25",25357.85,"","",190
1338,"2022-08-25",14582.90,"","",190
1339,"2021-11-08",20277.83,"","",195
1340,"2022-09-01",100552.55,"","",276
1341,"2022-08-31",34502.42,"","",40
1342,"2022-08-31",1776.60,"","",4
1343,"2022-08-30",3145.30,"","",26
1344,"2022-08-30",18788.32,"","",190
1345,"2022-08-30",752770.38,"","",10
1346,"2022-08-30",66493.94,"","",10
1347,"2022-09-01",100000.00,"","",5
1348,"2022-09-05",354.83,"","",289
1349,"2022-09-05",14903.87,"","",190
1350,"2022-09-05",240499.22,"","",10
1351,"2022-09-06",184093.64,"","",6
1352,"2022-09-06",18024.84,"","",77
1353,"2022-09-06",3645.00,"","",77
1354,"2022-09-06",71339.99,"","",77
1355,"2022-09-06",5224.69,"","",10
1356,"2022-09-06",60700.01,"","",63
1357,"2022-09-07",18313.42,"","",7
1358,"2022-09-07",10522.52,"","",7
1359,"2022-09-07",30616.19,"","",7
1360,"2022-09-12",10268.34,"","",286
1361,"2022-09-12",8825.99,"","",276
1362,"2022-09-12",103081.97,"","",276
1363,"2022-09-12",33729.12,"","",276
1364,"2022-09-12",27180.68,"","",276
1365,"2022-09-23",10832.00,"Gotovinski račun","",195
1366,"2022-09-08",6023.02,"","",167
1367,"2022-09-09",10556.71,"","",258
1368,"2022-09-12",984.70,"","",10
1369,"2022-09-13",4386.24,"","",145
1370,"2022-09-14",12938.72,"","",204
1371,"2022-09-15",25200.00,"","",107
1372,"2022-09-16",28134.56,"","",256
1373,"2022-09-19",6009.38,"","",26
1374,"2022-09-19",295443.78,"","",10
1375,"2022-09-19",201853.45,"","",10
1376,"2022-09-20",8367.08,"","",39
1377,"2022-09-20",10476.01,"","",281
1378,"2022-09-22",22300.00,"","",120
1379,"2022-09-23",60000.00,"","",12
1380,"2022-09-23",70000.00,"","",12
1381,"2022-08-30",300000.00,"","",12
1382,"2022-09-28",31934.63,"","",293
1383,"2022-09-27",6971.62,"","",31
1384,"2022-09-26",3000.40,"","",155
1385,"2022-09-26",87066.48,"","",6
1386,"2022-09-26",13388.14,"","",291
1387,"2022-09-21",4080.38,"","",175
1388,"2022-10-03",7900.00,"Gotovinski račun","",119
1389,"2022-10-05",694.00,"","",292
1390,"2022-10-04",6503.11,"","",217
1391,"2022-09-29",7428.80,"","",126
1392,"2022-09-29",196700.10,"","",190
1393,"2022-10-03",14176.51,"","",286
1394,"2022-10-03",3072.72,"","",284
1395,"2022-10-03",12483.46,"","",7
1396,"2022-10-04",3801.79,"","",10
1397,"2022-10-05",14083.38,"","",281
1398,"2022-10-05",9413.33,"","",125
1399,"2022-10-05",5221.82,"","",10
1400,"2022-10-05",3307.34,"","",10
1401,"2022-10-10",9304.88,"","",256
1402,"2022-10-11",20120.93,"","",26
1403,"2022-10-11",10261.07,"","",10
1404,"2022-10-06",414931.04,"","",10
1405,"2022-10-12",2086.50,"","",10
1406,"2022-10-12",142174.75,"Uplacena razlika od 55.671,31 na osnovu kompenzacije za farbana stakla.","",10
1407,"2022-10-12",19590.20,"","",296
1408,"2022-10-12",15683.40,"","",295
1409,"2022-10-14",100000.00,"","",12
1410,"2022-10-17",332839.19,"","",10
1411,"2022-10-17",15905.22,"","",10
1412,"2022-10-17",53465.33,"","",10
1413,"2022-10-18",27979.79,"","",6
1414,"2022-10-25",790.00,"Gotovinski račun","",119
1415,"2022-10-24",100000.00,"","",12
1416,"2022-09-02",100000.00,"","",12
1417,"2022-09-02",200000.00,"","",12
1418,"2022-09-30",100000.00,"","",12
1419,"2022-10-07",900.00,"","",155
1420,"2022-10-19",130641.52,"","",7
1421,"2022-10-20",24530.00,"","",202
1422,"2022-10-20",12679.90,"","",264
1423,"2022-10-24",10963.36,"","",10
1424,"2022-10-24",147932.81,"","",10
1425,"2022-10-24",442364.23,"","",10
1426,"2022-10-25",19350.31,"","",238
1427,"2022-10-26",44882.67,"","",190
1428,"2022-10-26",4834.79,"","",10
1429,"2022-10-26",9324.42,"","",7
1430,"2022-10-26",3827.03,"","",7
1431,"2022-10-26",1186.27,"","",7
1433,"2022-10-31",64367.58,"","",89
1434,"2022-10-28",121328.18,"","",6
1435,"2022-10-18",27979.79,"","",6
1436,"2022-10-04",63644.16,"","",6
1437,"2022-10-31",5798.62,"","",2
1438,"2022-10-31",4241.80,"","",2
1439,"2022-10-31",933.80,"","",2
1440,"2022-10-31",933.80,"","",2
1441,"2022-10-31",888.30,"","",2
1442,"2022-10-31",7510.64,"","",2
1443,"2022-10-31",16164.80,"","",10
1444,"2022-10-27",4399.62,"","",172
1445,"2022-11-03",10773.00,"Gotovinski račun","",300
1446,"2022-11-04",100000.00,"","",269
1447,"2022-11-03",3031.31,"","",26
1448,"2022-11-02",3465.35,"","",10
1449,"2022-11-02",27100.93,"","",22
1450,"2022-11-01",1555.08,"","",21
1452,"2022-11-01",4233.76,"","",9
1453,"2022-11-07",71362.00,"","",301
1454,"2022-11-08",388698.23,"","",276
1455,"2022-11-09",100000.00,"","",37
1456,"2022-11-14",212752.58,"","",90
1457,"2022-11-14",20266.40,"","",281
1458,"2022-11-14",395312.95,"Uradjena kompenzacija za štof STRATOS 9591, ulazni račun PDTR22-00194 od 17.10.2022.","",10
1459,"2022-11-14",2676.24,"","",111
1460,"2022-11-15",39857.20,"","",302
1461,"2022-11-17",26986.01,"","",120
1462,"2022-11-17",25230.16,"","",141
1463,"2022-11-17",2969.35,"","",6
1464,"2022-11-17",200000.00,"","",5
1465,"2022-11-18",5303.28,"","",26
1466,"2022-11-18",2174.40,"","",26
1467,"2022-11-18",69154.60,"","",190
1468,"2022-11-18",83014.90,"","",301
1469,"2022-11-21",176710.00,"","",305
1470,"2022-11-21",16900.01,"","",303
1471,"2022-11-21",531387.48,"","",10
1472,"2022-11-18",544731.18,"","",10
1473,"2022-11-18",29346.82,"","",298
1474,"2022-11-15",4430.60,"","",200
1475,"2022-11-15",30563.92,"","",294
1476,"2022-11-09",2802.00,"","",26
1477,"2022-11-09",85497.68,"","",299
1478,"2022-11-15",3124.80,"","",291
1479,"2022-11-22",61069.93,"","",269
1480,"2022-11-22",51761.46,"","",6
1481,"2022-11-15",365666.06,"","",306
1482,"2022-11-28",545646.12,"","",10
1483,"2022-11-25",66261.24,"","",190
1484,"2022-11-25",8479.99,"","",30
1485,"2022-11-25",79759.08,"","",47
1486,"2022-11-24",44277.08,"","",288
1487,"2022-11-24",4023.60,"","",45
1488,"2022-11-23",4867.00,"","",133
1489,"2022-11-29",1835.40,"","",10
1490,"2022-11-29",23298.84,"","",9
