11000,"Beograd Vračar","2020-01-14 12:36:11","2020-01-14 12:36:11",1
11010,"Beograd Voždovac","2020-01-14 12:36:12","2020-01-14 12:36:12",1
11030,"Beograd Čukarica","2020-01-14 12:36:13","2020-01-14 12:36:13",1
11040,"Beograd","2021-02-17 10:31:27","2021-02-17 10:31:27",1
11050,"Beograd Zvezdara","2020-01-14 12:36:14","2020-01-14 12:36:14",1
11060,"Beograd Palilula","2020-01-14 12:36:14","2020-01-14 12:36:14",1
11070,"Novi Beograd","2020-01-14 12:36:15","2020-01-14 12:36:15",1
11080,"Zemun","2020-01-14 12:36:15","2020-01-14 12:36:15",1
11090,"Beograd Rakovica","2020-01-14 12:36:15","2020-01-14 12:36:15",1
11130,"Kaluđerica","2020-01-14 12:36:16","2020-01-14 12:36:16",1
11194,"Rušanj","2020-01-14 12:36:19","2020-01-14 12:36:19",1
11211,"Borča","2020-01-14 12:36:20","2020-01-14 12:36:20",1
11212,"Ovča","2020-01-14 12:36:20","2020-01-14 12:36:20",1
11213,"Padinska Skela","2020-01-14 12:36:20","2020-01-14 12:36:20",1
11223,"Beli Potok","2020-01-14 12:36:21","2020-01-14 12:36:21",1
11224,"Vrčin","2020-01-14 12:36:21","2020-01-14 12:36:21",1
11225,"Zuce","2020-01-14 12:36:21","2020-01-14 12:36:21",1
11226,"Pinosava","2020-01-14 12:36:21","2020-01-14 12:36:21",1
11232,"Ripanj","2020-01-14 12:36:21","2020-01-14 12:36:21",1
11233,"Ralja","2020-01-14 12:36:22","2020-01-14 12:36:22",1
11235,"Mali Požarevac","2020-01-14 12:36:22","2020-01-14 12:36:22",1
11251,"Ostružnica","2020-01-14 12:36:23","2020-01-14 12:36:23",1
11253,"Sremčica","2020-01-14 12:36:23","2020-01-14 12:36:23",1
11260,"Umka","2020-01-14 12:36:23","2020-01-14 12:36:23",1
11261,"Mala Moštanica","2020-01-14 12:36:23","2020-01-14 12:36:23",1
11262,"Velika Moštanica","2020-01-14 12:36:23","2020-01-14 12:36:23",1
11271,"Surčin","2020-01-14 12:36:24","2020-01-14 12:36:24",1
11272,"Dobanovci","2020-01-14 12:36:24","2020-01-14 12:36:24",1
11275,"Boljevci","2020-01-14 12:36:24","2020-01-14 12:36:24",1
11276,"Jakovo","2020-01-14 12:36:24","2020-01-14 12:36:24",1
11277,"Ugrinovci","2020-01-14 12:36:24","2020-01-14 12:36:24",1
11279,"Bečmen","2020-01-14 12:36:24","2020-01-14 12:36:24",1
11280,"Progar","2020-01-14 12:36:24","2020-01-14 12:36:24",1
11282,"Petrovcic","2020-01-14 12:36:24","2020-01-14 12:36:24",1
11300,"Smederevo","2020-01-14 12:36:24","2020-01-14 12:36:24",1
11306,"Grocka","2020-01-14 12:36:24","2020-01-14 12:36:24",1
11307,"Boleč","2020-01-14 12:36:24","2020-01-14 12:36:24",1
11308,"Begaljica","2020-01-14 12:36:24","2020-01-14 12:36:24",1
11309,"Leštane","2020-01-14 12:36:24","2020-01-14 12:36:24",1
11310,"Lipe","2020-01-14 12:36:24","2020-01-14 12:36:24",1
11311,"Radinac","2020-01-14 12:36:24","2020-01-14 12:36:24",1
11312,"Mihajlovac","2020-01-14 12:36:24","2020-01-14 12:36:24",1
11313,"Mala Krsna","2020-01-14 12:36:24","2020-01-14 12:36:24",1
11314,"Osipaonica","2020-01-14 12:36:24","2020-01-14 12:36:24",1
11315,"Saraorci","2020-01-14 12:36:24","2020-01-14 12:36:24",1
11316,"Golobok","2020-01-14 12:36:24","2020-01-14 12:36:24",1
11317,"Lozovik","2020-01-14 12:36:24","2020-01-14 12:36:24",1
11318,"Miloševac","2020-01-14 12:36:25","2020-01-14 12:36:25",1
11319,"Krnjevo","2020-01-14 12:36:25","2020-01-14 12:36:25",1
11320,"Velika Plana","2020-01-14 12:36:25","2020-01-14 12:36:25",1
11321,"Lugavčina","2020-01-14 12:36:25","2020-01-14 12:36:25",1
11322,"Skobalj","2020-01-14 12:36:25","2020-01-14 12:36:25",1
11323,"Veliko Orašje","2020-01-14 12:36:25","2020-01-14 12:36:25",1
11324,"Staro Selo","2020-01-14 12:36:25","2020-01-14 12:36:25",1
11325,"Markovac","2020-01-14 12:36:25","2020-01-14 12:36:25",1
11326,"Donja Livadica","2020-01-14 12:36:25","2020-01-14 12:36:25",1
11327,"Rakinac","2020-01-14 12:36:25","2020-01-14 12:36:25",1
11328,"Vodanj","2020-01-14 12:36:25","2020-01-14 12:36:25",1
11329,"Vranovo","2020-01-14 12:36:25","2020-01-14 12:36:25",1
11351,"Vinča","2020-01-14 12:36:25","2020-01-14 12:36:25",1
11400,"Mladenovac","2020-01-14 12:36:27","2020-01-14 12:36:27",1
11406,"Vlaška","2020-01-14 12:36:27","2020-01-14 12:36:27",1
11407,"Selevac","2020-01-14 12:36:27","2020-01-14 12:36:27",1
11408,"Velika Krsna","2020-01-14 12:36:27","2020-01-14 12:36:27",1
11409,"Kovačevac","2020-01-14 12:36:27","2020-01-14 12:36:27",1
11411,"Ratari","2020-01-14 12:36:27","2020-01-14 12:36:27",1
11412,"Jagnjilo","2020-01-14 12:36:27","2020-01-14 12:36:27",1
11413,"Pružatovac","2020-01-14 12:36:27","2020-01-14 12:36:27",1
11414,"Velika Ivanča","2020-01-14 12:36:28","2020-01-14 12:36:28",1
11415,"Koraćica","2020-01-14 12:36:28","2020-01-14 12:36:28",1
11420,"Smederevska Palanka","2020-01-14 12:36:28","2020-01-14 12:36:28",1
11423,"Azanja","2020-01-14 12:36:28","2020-01-14 12:36:28",1
11424,"Baničina","2020-01-14 12:36:28","2020-01-14 12:36:28",1
11425,"Kusadak","2020-01-14 12:36:29","2020-01-14 12:36:29",1
11426,"Meljak","2020-01-14 12:36:29","2020-01-14 12:36:29",1
11427,"Vranić","2020-01-14 12:36:29","2020-01-14 12:36:29",1
11430,"Umčari","2020-01-14 12:36:29","2020-01-14 12:36:29",1
11431,"Kolari","2020-01-14 12:36:29","2020-01-14 12:36:29",1
11432,"Drugovac","2020-01-14 12:36:29","2020-01-14 12:36:29",1
11433,"Šepšin","2020-01-14 12:36:29","2020-01-14 12:36:29",1
11450,"Sopot","2020-01-14 12:36:29","2020-01-14 12:36:29",1
11453,"Rogača","2020-01-14 12:36:29","2020-01-14 12:36:29",1
11454,"Sibnica","2020-01-14 12:36:29","2020-01-14 12:36:29",1
11460,"Barajevo","2020-01-14 12:36:29","2020-01-14 12:36:29",1
11461,"Beljina","2020-01-14 12:36:29","2020-01-14 12:36:29",1
11462,"Veliki Borak","2020-01-14 12:36:29","2020-01-14 12:36:29",1
11500,"Obrenovac","2020-01-14 12:36:29","2020-01-14 12:36:29",1
11504,"Barič","2020-01-14 12:36:29","2020-01-14 12:36:29",1
11505,"Zabrežje","2020-01-14 12:36:30","2020-01-14 12:36:30",1
11506,"Draževac","2020-01-14 12:36:30","2020-01-14 12:36:30",1
11507,"Stubline","2020-01-14 12:36:30","2020-01-14 12:36:30",1
11508,"Grabovac","2020-01-14 12:36:30","2020-01-14 12:36:30",1
11509,"Skela","2020-01-14 12:36:30","2020-01-14 12:36:30",1
11550,"Lazarevac","2020-01-14 12:36:30","2020-01-14 12:36:30",1
11560,"Vreoci","2020-01-14 12:36:30","2020-01-14 12:36:30",1
11561,"Dudovica","2020-01-14 12:36:30","2020-01-14 12:36:30",1
11562,"Junkovac","2020-01-14 12:36:31","2020-01-14 12:36:31",1
11563,"Veliki Crljeni","2020-01-14 12:36:31","2020-01-14 12:36:31",1
11564,"Stepojevac","2020-01-14 12:36:31","2020-01-14 12:36:31",1
11565,"Baroševac","2020-01-14 12:36:31","2020-01-14 12:36:31",1
11566,"Rudovci","2020-01-14 12:36:31","2020-01-14 12:36:31",1
11567,"Mirosaljci","2020-01-14 12:36:31","2020-01-14 12:36:31",1
12000,"Požarevac","2020-01-14 12:36:43","2020-01-14 12:36:43",1
12205,"Brežane","2020-01-14 12:36:57","2020-01-14 12:36:57",1
12206,"Bradarac","2020-01-14 12:36:57","2020-01-14 12:36:57",1
12207,"Dubravica","2020-01-14 12:36:57","2020-01-14 12:36:57",1
12208,"Kostolac","2020-01-14 12:36:57","2020-01-14 12:36:57",1
12209,"Kličevac","2020-01-14 12:36:58","2020-01-14 12:36:58",1
12220,"Veliko Gradište","2020-01-14 12:36:58","2020-01-14 12:36:58",1
12221,"Majilovac","2020-01-14 12:36:58","2020-01-14 12:36:58",1
12222,"Braničevo","2020-01-14 12:36:58","2020-01-14 12:36:58",1
12223,"Golubac","2020-01-14 12:36:58","2020-01-14 12:36:58",1
12224,"Dobra","2020-01-14 12:36:58","2020-01-14 12:36:58",1
12225,"Bratinac","2020-01-14 12:36:58","2020-01-14 12:36:58",1
12226,"Topolovnik","2020-01-14 12:36:58","2020-01-14 12:36:58",1
12229,"Vinci","2020-01-14 12:36:58","2020-01-14 12:36:58",1
12230,"Brnjica","2020-01-14 12:36:58","2020-01-14 12:36:58",1
12240,"Kučevo","2020-01-14 12:36:58","2020-01-14 12:36:58",1
12242,"Neresnica","2020-01-14 12:36:58","2020-01-14 12:36:58",1
12253,"Srednjevo","2020-01-14 12:36:58","2020-01-14 12:36:58",1
12254,"Rabrovo","2020-01-14 12:36:59","2020-01-14 12:36:59",1
12255,"Duboka","2020-01-14 12:36:59","2020-01-14 12:36:59",1
12256,"Voluja","2020-01-14 12:36:59","2020-01-14 12:36:59",1
12258,"Klenje","2020-01-14 12:36:59","2020-01-14 12:36:59",1
12300,"Petrovac Na Mlavi","2020-01-14 12:35:53","2020-01-14 12:35:53",1
12304,"Ranovac","2020-01-14 12:35:53","2020-01-14 12:35:53",1
12305,"Melnica","2020-01-14 12:35:53","2020-01-14 12:35:53",1
12306,"Veliko Laole","2020-01-14 12:35:53","2020-01-14 12:35:53",1
12307,"Burovac","2020-01-14 12:35:53","2020-01-14 12:35:53",1
12309,"Šetonje","2020-01-14 12:35:53","2020-01-14 12:35:53",1
12311,"Malo Crniće","2020-01-14 12:35:53","2020-01-14 12:35:53",1
12312,"Smoljinac","2020-01-14 12:35:53","2020-01-14 12:35:53",1
12313,"Boževac","2020-01-14 12:35:54","2020-01-14 12:35:54",1
12314,"Veliko Selo","2020-01-14 12:35:54","2020-01-14 12:35:54",1
12315,"Rašanac","2020-01-14 12:35:54","2020-01-14 12:35:54",1
12316,"Krepoljin","2020-01-14 12:35:54","2020-01-14 12:35:54",1
12317,"Osanica","2020-01-14 12:35:54","2020-01-14 12:35:54",1
12318,"Vukovac","2020-01-14 12:35:54","2020-01-14 12:35:54",1
12320,"Žagubica","2020-01-14 12:35:54","2020-01-14 12:35:54",1
12321,"Laznica","2020-01-14 12:35:54","2020-01-14 12:35:54",1
12322,"Suvi Do","2020-01-14 12:35:54","2020-01-14 12:35:54",1
12370,"Aleksandrovac","2020-01-14 12:35:54","2020-01-14 12:35:54",1
12371,"Vlaški Do","2020-01-14 12:35:55","2020-01-14 12:35:55",1
12372,"Poljana","2020-01-14 12:35:55","2020-01-14 12:35:55",1
12373,"Simićevo","2020-01-14 12:35:55","2020-01-14 12:35:55",1
12374,"Žabari","2020-01-14 12:35:55","2020-01-14 12:35:55",1
12375,"Porodin","2020-01-14 12:35:55","2020-01-14 12:35:55",1
14000,"Valjevo","2020-01-14 12:36:41","2020-01-14 12:36:41",1
14201,"Brankovina","2020-01-14 12:36:53","2020-01-14 12:36:53",1
14202,"Rajković","2020-01-14 12:36:53","2020-01-14 12:36:53",1
14203,"Dračić","2020-01-14 12:36:53","2020-01-14 12:36:53",1
14204,"Divčibare","2020-01-14 12:36:53","2020-01-14 12:36:53",1
14205,"Lelić","2020-01-14 12:36:53","2020-01-14 12:36:53",1
14206,"Poćuta","2020-01-14 12:36:53","2020-01-14 12:36:53",1
14207,"Pećka","2020-01-14 12:36:53","2020-01-14 12:36:53",1
14210,"Ub","2020-01-14 12:36:53","2020-01-14 12:36:53",1
14211,"Radljevo","2020-01-14 12:36:53","2020-01-14 12:36:53",1
14212,"Brgule","2020-01-14 12:36:53","2020-01-14 12:36:53",1
14213,"Pambukovica","2020-01-14 12:36:54","2020-01-14 12:36:54",1
14214,"Banjani","2020-01-14 12:36:54","2020-01-14 12:36:54",1
14221,"Popučke","2020-01-14 12:36:55","2020-01-14 12:36:55",1
14222,"Divci","2020-01-14 12:36:55","2020-01-14 12:36:55",1
14223,"Slovac","2020-01-14 12:36:55","2020-01-14 12:36:55",1
14224,"Lajkovac","2020-01-14 12:36:55","2020-01-14 12:36:55",1
14225,"Bogovađa","2020-01-14 12:36:55","2020-01-14 12:36:55",1
14226,"Jabučje","2020-01-14 12:36:55","2020-01-14 12:36:55",1
14240,"Ljig","2020-01-14 12:36:56","2020-01-14 12:36:56",1
14242,"Mionica","2020-01-14 12:36:56","2020-01-14 12:36:56",1
14243,"Gornja Toplica","2020-01-14 12:36:56","2020-01-14 12:36:56",1
14244,"Brežđe","2020-01-14 12:36:56","2020-01-14 12:36:56",1
14245,"Slavkovica","2020-01-14 12:36:56","2020-01-14 12:36:56",1
14246,"Belanovica","2020-01-14 12:36:56","2020-01-14 12:36:56",1
14251,"Pricevic","2020-01-14 12:36:56","2020-01-14 12:36:56",1
14252,"Kamenica","2020-01-14 12:36:57","2020-01-14 12:36:57",1
14253,"Osečina","2020-01-14 12:36:57","2020-01-14 12:36:57",1
14254,"Komirić","2020-01-14 12:36:57","2020-01-14 12:36:57",1
14255,"Stave","2020-01-14 12:36:57","2020-01-14 12:36:57",1
15000,"Šabac","2020-01-14 12:36:06","2020-01-14 12:36:06",1
15076,"Ovada Italy","2020-09-09 07:04:40","2020-09-09 07:04:40",1
15211,"Mačvanski Pričinović","2020-01-14 12:36:15","2020-01-14 12:36:15",1
15212,"Drenovac","2020-01-14 12:36:15","2020-01-14 12:36:15",1
15213,"Orid","2020-01-14 12:36:15","2020-01-14 12:36:15",1
15215,"Provo","2020-01-14 12:36:15","2020-01-14 12:36:15",1
15220,"Koceljeva","2020-01-14 12:36:16","2020-01-14 12:36:16",1
15221,"Svileuva","2020-01-14 12:36:16","2020-01-14 12:36:16",1
15222,"Kamenica","2020-01-14 12:36:16","2020-01-14 12:36:16",1
15224,"Cerovac","2020-01-14 12:36:16","2020-01-14 12:36:16",1
15225,"Vladimirci","2020-01-14 12:36:16","2020-01-14 12:36:16",1
15226,"Draginje","2020-01-14 12:36:16","2020-01-14 12:36:16",1
15227,"Donje Crniljevo","2020-01-14 12:36:16","2020-01-14 12:36:16",1
15232,"Varna","2020-01-14 12:36:16","2020-01-14 12:36:16",1
15233,"Metlić","2020-01-14 12:36:17","2020-01-14 12:36:17",1
15234,"Tekeriš","2020-01-14 12:36:17","2020-01-14 12:36:17",1
15235,"Dobrić","2020-01-14 12:36:17","2020-01-14 12:36:17",1
15300,"Loznica","2020-01-14 12:36:19","2020-01-14 12:36:19",1
15302,"Korenita","2020-01-14 12:36:19","2020-01-14 12:36:19",1
15303,"Tršić","2020-01-14 12:36:19","2020-01-14 12:36:19",1
15304,"Petlovača","2020-01-14 12:36:20","2020-01-14 12:36:20",1
15305,"Lipolist","2020-01-14 12:36:20","2020-01-14 12:36:20",1
15306,"Prnjavor Mačvanski","2020-01-14 12:36:20","2020-01-14 12:36:20",1
15307,"Lešnica","2020-01-14 12:36:20","2020-01-14 12:36:20",1
15308,"Jadranska Lešnica","2020-01-14 12:36:20","2020-01-14 12:36:20",1
15309,"Brezjak","2020-01-14 12:36:20","2020-01-14 12:36:20",1
15310,"Ribari","2020-01-14 12:36:20","2020-01-14 12:36:20",1
15311,"Draginac","2020-01-14 12:36:20","2020-01-14 12:36:20",1
15312,"Zavlaka","2020-01-14 12:36:20","2020-01-14 12:36:20",1
15313,"Bela Crkva","2020-01-14 12:36:20","2020-01-14 12:36:20",1
15314,"Krupanj","2020-01-14 12:36:20","2020-01-14 12:36:20",1
15315,"Zajača","2020-01-14 12:36:20","2020-01-14 12:36:20",1
15316,"Banja Koviljača","2020-01-14 12:36:20","2020-01-14 12:36:20",1
15317,"Donja Borina","2020-01-14 12:36:20","2020-01-14 12:36:20",1
15318,"Mali Zvornik","2020-01-14 12:36:20","2020-01-14 12:36:20",1
15319,"Uzovnica","2020-01-14 12:36:21","2020-01-14 12:36:21",1
15320,"Ljubovija","2020-01-14 12:36:21","2020-01-14 12:36:21",1
15321,"Radalj","2020-01-14 12:36:21","2020-01-14 12:36:21",1
15322,"Velika Reka","2020-01-14 12:36:21","2020-01-14 12:36:21",1
15323,"Donja Orovica","2020-01-14 12:36:21","2020-01-14 12:36:21",1
15324,"Drlače","2020-01-14 12:36:21","2020-01-14 12:36:21",1
15350,"Bogatić","2020-01-14 12:36:23","2020-01-14 12:36:23",1
15352,"Zminjak","2020-01-14 12:36:23","2020-01-14 12:36:23",1
15353,"Majur","2020-01-14 12:36:23","2020-01-14 12:36:23",1
15354,"Štitar","2020-01-14 12:36:23","2020-01-14 12:36:23",1
15355,"Crna Bara","2020-01-14 12:36:23","2020-01-14 12:36:23",1
15356,"Glušci","2020-01-14 12:36:23","2020-01-14 12:36:23",1
15357,"Klenje","2020-01-14 12:36:23","2020-01-14 12:36:23",1
15358,"Badovinci","2020-01-14 12:36:23","2020-01-14 12:36:23",1
15359,"Dublje","2020-01-14 12:36:24","2020-01-14 12:36:24",1
15362,"Banovo Polje","2020-01-14 12:36:24","2020-01-14 12:36:24",1
16000,"Leskovac","2020-01-14 12:36:40","2020-01-14 12:36:40",1
16201,"Manojlovce","2020-01-14 12:36:51","2020-01-14 12:36:51",1
16203,"Vučje","2020-01-14 12:36:51","2020-01-14 12:36:51",1
16204,"Miroševce","2020-01-14 12:36:51","2020-01-14 12:36:51",1
16205,"Bojnik","2020-01-14 12:36:51","2020-01-14 12:36:51",1
16206,"Kosančić","2020-01-14 12:36:51","2020-01-14 12:36:51",1
16210,"Vlasotince","2020-01-14 12:36:51","2020-01-14 12:36:51",1
16212,"Svođe","2020-01-14 12:36:51","2020-01-14 12:36:51",1
16213,"Sastav Reka","2020-01-14 12:36:51","2020-01-14 12:36:51",1
16215,"Crna Trava","2020-01-14 12:36:52","2020-01-14 12:36:52",1
16220,"Grdelica","2020-01-14 12:36:52","2020-01-14 12:36:52",1
16221,"Velika Grabovnica","2020-01-14 12:36:52","2020-01-14 12:36:52",1
16222,"Predejane","2020-01-14 12:36:52","2020-01-14 12:36:52",1
16223,"Ruplje","2020-01-14 12:36:52","2020-01-14 12:36:52",1
16230,"Lebane","2020-01-14 12:36:52","2020-01-14 12:36:52",1
16231,"Turekovac","2020-01-14 12:36:52","2020-01-14 12:36:52",1
16232,"Bošnjace","2020-01-14 12:36:52","2020-01-14 12:36:52",1
16233,"Orane","2020-01-14 12:36:52","2020-01-14 12:36:52",1
16240,"Medveđa","2020-01-14 12:36:52","2020-01-14 12:36:52",1
16244,"Gornji Brestovac","2020-01-14 12:36:53","2020-01-14 12:36:53",1
16246,"Sijarinska Banja","2020-01-14 12:36:53","2020-01-14 12:36:53",1
16247,"Tulare","2020-01-14 12:36:53","2020-01-14 12:36:53",1
16248,"Lece","2020-01-14 12:36:53","2020-01-14 12:36:53",1
16251,"Pecanjevce","2020-01-14 12:36:53","2020-01-14 12:36:53",1
16252,"Razgojna","2020-01-14 12:36:53","2020-01-14 12:36:53",1
16253,"Brestovac","2020-01-14 12:36:53","2020-01-14 12:36:53",1
17500,"Vranje","2020-01-14 12:36:25","2020-01-14 12:36:25",1
17507,"Vlase","2020-01-14 12:36:25","2020-01-14 12:36:25",1
17508,"Sveti Ilija","2020-01-14 12:36:25","2020-01-14 12:36:25",1
17510,"Vladičin Han","2020-01-14 12:36:25","2020-01-14 12:36:25",1
17511,"Priboj Vranjski","2020-01-14 12:36:25","2020-01-14 12:36:25",1
17512,"Stubal","2020-01-14 12:36:25","2020-01-14 12:36:25",1
17513,"Lepenica","2020-01-14 12:36:25","2020-01-14 12:36:25",1
17514,"Džep","2020-01-14 12:36:25","2020-01-14 12:36:25",1
17520,"Bujanovac","2020-01-14 12:36:25","2020-01-14 12:36:25",1
17521,"Ristovac","2020-01-14 12:36:25","2020-01-14 12:36:25",1
17522,"Biljača","2020-01-14 12:36:25","2020-01-14 12:36:25",1
17523,"Preševo","2020-01-14 12:36:25","2020-01-14 12:36:25",1
17524,"Klenike","2020-01-14 12:36:26","2020-01-14 12:36:26",1
17525,"Trgovište","2020-01-14 12:36:26","2020-01-14 12:36:26",1
17526,"Donji Stajevac","2020-01-14 12:36:26","2020-01-14 12:36:26",1
17529,"Muhovac","2020-01-14 12:36:26","2020-01-14 12:36:26",1
17530,"Surdulica","2020-01-14 12:36:26","2020-01-14 12:36:26",1
17531,"Jelašnica","2020-01-14 12:36:26","2020-01-14 12:36:26",1
17532,"Vlasina Okruglica","2020-01-14 12:36:26","2020-01-14 12:36:26",1
17533,"Vlasina Rid","2020-01-14 12:36:26","2020-01-14 12:36:26",1
17534,"Vlasina Stojkovićevo","2020-01-14 12:36:26","2020-01-14 12:36:26",1
17535,"Klisura","2020-01-14 12:36:26","2020-01-14 12:36:26",1
17537,"Božica","2020-01-14 12:36:26","2020-01-14 12:36:26",1
17538,"Gornja Lisina","2020-01-14 12:36:26","2020-01-14 12:36:26",1
17540,"Bosilegrad","2020-01-14 12:36:27","2020-01-14 12:36:27",1
17542,"Vranjska Banja","2020-01-14 12:36:27","2020-01-14 12:36:27",1
17543,"Kriva Feja","2020-01-14 12:36:27","2020-01-14 12:36:27",1
17544,"Donja Ljubata","2020-01-14 12:36:27","2020-01-14 12:36:27",1
17545,"Korbevac","2020-01-14 12:36:27","2020-01-14 12:36:27",1
17546,"Bistar","2020-01-14 12:36:27","2020-01-14 12:36:27",1
17547,"Donje Tlamino","2020-01-14 12:36:27","2020-01-14 12:36:27",1
17556,"Reljan","2020-01-14 12:36:27","2020-01-14 12:36:27",1
17557,"Oraovica","2020-01-14 12:36:27","2020-01-14 12:36:27",1
17567,"Bujanovac","2020-01-14 12:36:28","2020-01-14 12:36:28",1
18000,"Niš","2020-01-14 12:36:39","2020-01-14 12:36:39",1
18201,"Lalinac","2020-01-14 12:36:46","2020-01-14 12:36:46",1
18202,"Gornja Toponica","2020-01-14 12:36:46","2020-01-14 12:36:46",1
18204,"Gornji Matejevac","2020-01-14 12:36:46","2020-01-14 12:36:46",1
18205,"Niška Banja","2020-01-14 12:36:46","2020-01-14 12:36:46",1
18206,"Jelašnica","2020-01-14 12:36:46","2020-01-14 12:36:46",1
18207,"Malča","2020-01-14 12:36:46","2020-01-14 12:36:46",1
18208,"Guševac","2020-01-14 12:36:46","2020-01-14 12:36:46",1
18209,"Medoševac","2020-01-14 12:36:46","2020-01-14 12:36:46",1
18210,"Žitkovac","2020-01-14 12:36:47","2020-01-14 12:36:47",1
18211,"Trupale","2020-01-14 12:36:47","2020-01-14 12:36:47",1
18212,"Tešica","2020-01-14 12:36:47","2020-01-14 12:36:47",1
18213,"Gredetin","2020-01-14 12:36:47","2020-01-14 12:36:47",1
18214,"Kulina","2020-01-14 12:36:47","2020-01-14 12:36:47",1
18215,"Veliko Bonjince","2020-01-14 12:36:47","2020-01-14 12:36:47",1
18216,"Korman","2020-01-14 12:36:47","2020-01-14 12:36:47",1
18217,"Ljuberadja","2020-01-14 12:36:47","2020-01-14 12:36:47",1
18219,"Grejač","2020-01-14 12:36:47","2020-01-14 12:36:47",1
18220,"Aleksinac","2020-01-14 12:36:47","2020-01-14 12:36:47",1
18223,"Draževac(kod Aleksinca)","2020-01-14 12:36:47","2020-01-14 12:36:47",1
18224,"Rutevac","2020-01-14 12:36:48","2020-01-14 12:36:48",1
18225,"Katun","2020-01-14 12:36:48","2020-01-14 12:36:48",1
18226,"Aleksinacki Rudnik","2020-01-14 12:36:48","2020-01-14 12:36:48",1
18227,"Subotinac","2020-01-14 12:36:48","2020-01-14 12:36:48",1
18228,"Lužane","2020-01-14 12:36:48","2020-01-14 12:36:48",1
18229,"Mozgovo","2020-01-14 12:36:48","2020-01-14 12:36:48",1
18230,"Soko Banja","2020-01-14 12:36:49","2020-01-14 12:36:49",1
18232,"Čitluk","2020-01-14 12:36:50","2020-01-14 12:36:50",1
18234,"Jošanica","2020-01-14 12:36:50","2020-01-14 12:36:50",1
18235,"Šarbanovac","2020-01-14 12:36:50","2020-01-14 12:36:50",1
18237,"Dugo Polje","2020-01-14 12:36:50","2020-01-14 12:36:50",1
18240,"Gadžin Han","2020-01-14 12:36:50","2020-01-14 12:36:50",1
18241,"Gornji Barbeš","2020-01-14 12:36:50","2020-01-14 12:36:50",1
18242,"Donji Dušnik","2020-01-14 12:36:51","2020-01-14 12:36:51",1
18244,"Zaplanjska Toponica","2020-01-14 12:36:51","2020-01-14 12:36:51",1
18245,"Lički Hanovi","2020-01-14 12:36:51","2020-01-14 12:36:51",1
18246,"Ravna Dubrava","2020-01-14 12:36:51","2020-01-14 12:36:51",1
18250,"Novo Selo","2020-01-14 12:36:51","2020-01-14 12:36:51",1
18251,"Mramor","2020-01-14 12:36:51","2020-01-14 12:36:51",1
18252,"Merošina","2020-01-14 12:36:51","2020-01-14 12:36:51",1
18253,"Jugbogdanovac","2020-01-14 12:36:51","2020-01-14 12:36:51",1
18254,"Donje Međurovo","2020-01-14 12:36:51","2020-01-14 12:36:51",1
18255,"Pukovac","2020-01-14 12:36:51","2020-01-14 12:36:51",1
18257,"Balajinac","2020-01-14 12:36:51","2020-01-14 12:36:51",1
18258,"Jovanovac","2020-01-14 12:36:51","2020-01-14 12:36:51",1
18260,"Popovac","2020-01-14 12:36:51","2020-01-14 12:36:51",1
18300,"Pirot","2020-01-14 12:36:53","2020-01-14 12:36:53",1
18304,"Crnoklište","2020-01-14 12:36:53","2020-01-14 12:36:53",1
18306,"Visoka Rzana","2020-01-14 12:36:53","2020-01-14 12:36:53",1
18307,"Krupač","2020-01-14 12:36:53","2020-01-14 12:36:53",1
18310,"Bela Palanka","2020-01-14 12:36:54","2020-01-14 12:36:54",1
18311,"Sićevo","2020-01-14 12:36:54","2020-01-14 12:36:54",1
18312,"Ostrovica","2020-01-14 12:36:54","2020-01-14 12:36:54",1
18313,"Crvena Reka","2020-01-14 12:36:54","2020-01-14 12:36:54",1
18314,"Dolac","2020-01-14 12:36:54","2020-01-14 12:36:54",1
18315,"Babin Kal","2020-01-14 12:36:54","2020-01-14 12:36:54",1
18320,"Dimitrovgrad","2020-01-14 12:36:55","2020-01-14 12:36:55",1
18321,"Gradina","2020-01-14 12:36:55","2020-01-14 12:36:55",1
18322,"Sukovo","2020-01-14 12:36:55","2020-01-14 12:36:55",1
18323,"Smilovci","2020-01-14 12:36:55","2020-01-14 12:36:55",1
18324,"Kamenica","2020-01-14 12:36:56","2020-01-14 12:36:56",1
18326,"Poganovo","2020-01-14 12:36:56","2020-01-14 12:36:56",1
18330,"Babušnica","2020-01-14 12:36:56","2020-01-14 12:36:56",1
18332,"Strelac","2020-01-14 12:36:56","2020-01-14 12:36:56",1
18333,"Zvonce","2020-01-14 12:36:56","2020-01-14 12:36:56",1
18355,"Temska","2020-01-14 12:36:58","2020-01-14 12:36:58",1
18360,"Svrljig","2020-01-14 12:36:58","2020-01-14 12:36:58",1
18363,"Palilula","2020-01-14 12:36:58","2020-01-14 12:36:58",1
18365,"Prekonoga","2020-01-14 12:36:58","2020-01-14 12:36:58",1
18366,"Niševac","2020-01-14 12:36:58","2020-01-14 12:36:58",1
18368,"Burdimo","2020-01-14 12:36:58","2020-01-14 12:36:58",1
18400,"Prokuplje","2020-01-14 12:36:59","2020-01-14 12:36:59",1
18403,"Velika Plana","2020-01-14 12:36:59","2020-01-14 12:36:59",1
18404,"Donja Rečica","2020-01-14 12:36:59","2020-01-14 12:36:59",1
18405,"Džigolj","2020-01-14 12:36:59","2020-01-14 12:36:59",1
18406,"Dubovo","2020-01-14 12:36:59","2020-01-14 12:36:59",1
18407,"Žitni Potok","2020-01-14 12:36:59","2020-01-14 12:36:59",1
18408,"Dobri Do","2020-01-14 12:36:59","2020-01-14 12:36:59",1
18409,"Kruševica","2020-01-14 12:36:59","2020-01-14 12:36:59",1
18410,"Doljevac","2020-01-14 12:36:59","2020-01-14 12:36:59",1
18411,"Belotinac","2020-01-14 12:36:59","2020-01-14 12:36:59",1
18412,"Žitorađa","2020-01-14 12:36:59","2020-01-14 12:36:59",1
18413,"Pejkovac","2020-01-14 12:36:59","2020-01-14 12:36:59",1
18414,"Donje Crnatovo","2020-01-14 12:36:59","2020-01-14 12:36:59",1
18415,"Malošište","2020-01-14 12:36:59","2020-01-14 12:36:59",1
18417,"Čečina","2020-01-14 12:36:59","2020-01-14 12:36:59",1
18420,"Blace","2020-01-14 12:36:59","2020-01-14 12:36:59",1
18421,"Donja Trnava","2020-01-14 12:36:59","2020-01-14 12:36:59",1
18423,"Mala Plana","2020-01-14 12:36:59","2020-01-14 12:36:59",1
18424,"Beloljin","2020-01-14 12:37:00","2020-01-14 12:37:00",1
18425,"Gornja Draguša","2020-01-14 12:37:00","2020-01-14 12:37:00",1
18426,"Barbatovac","2020-01-14 12:37:00","2020-01-14 12:37:00",1
18430,"Kuršumlija","2020-01-14 12:37:00","2020-01-14 12:37:00",1
18432,"Barlovo","2020-01-14 12:35:52","2020-01-14 12:35:52",1
18433,"Prolom","2020-01-14 12:35:52","2020-01-14 12:35:52",1
18435,"Kuršumlijska Banja","2020-01-14 12:35:52","2020-01-14 12:35:52",1
18436,"Merćez","2020-01-14 12:35:52","2020-01-14 12:35:52",1
18437,"Lukovo","2020-01-14 12:35:52","2020-01-14 12:35:52",1
18438,"Žuč","2020-01-14 12:35:52","2020-01-14 12:35:52",1
18440,"Rača","2020-01-14 12:35:53","2020-01-14 12:35:53",1
18445,"Merdare","2020-01-14 12:35:53","2020-01-14 12:35:53",1
19000,"Zaječar","2020-01-14 12:36:04","2020-01-14 12:36:04",1
19204,"Metovnica","2020-01-14 12:36:12","2020-01-14 12:36:12",1
19205,"Gradskovo","2020-01-14 12:36:12","2020-01-14 12:36:12",1
19206,"Veliki Izvor","2020-01-14 12:36:12","2020-01-14 12:36:12",1
19207,"Planinica","2020-01-14 12:36:12","2020-01-14 12:36:12",1
19208,"Lubnica","2020-01-14 12:36:12","2020-01-14 12:36:12",1
19209,"Mali Jasenovac","2020-01-14 12:36:12","2020-01-14 12:36:12",1
19210,"Bor","2020-01-14 12:36:12","2020-01-14 12:36:12",1
19213,"Donja Bela Reka","2020-01-14 12:36:12","2020-01-14 12:36:12",1
19214,"Rgotina","2020-01-14 12:36:12","2020-01-14 12:36:12",1
19215,"Zlot","2020-01-14 12:36:12","2020-01-14 12:36:12",1
19216,"Brestovačka Banja","2020-01-14 12:36:13","2020-01-14 12:36:13",1
19219,"Krivelj","2020-01-14 12:36:13","2020-01-14 12:36:13",1
19220,"Donji Milanovac","2020-01-14 12:36:13","2020-01-14 12:36:13",1
19222,"Klokočevac","2020-01-14 12:36:13","2020-01-14 12:36:13",1
19223,"Koprivnica","2020-01-14 12:36:13","2020-01-14 12:36:13",1
19224,"Salaš","2020-01-14 12:36:13","2020-01-14 12:36:13",1
19225,"Sikole","2020-01-14 12:36:13","2020-01-14 12:36:13",1
19227,"Zvezdan","2020-01-14 12:36:13","2020-01-14 12:36:13",1
19228,"Gamzigradska Banja","2020-01-14 12:36:14","2020-01-14 12:36:14",1
19229,"Borski Brestovac","2020-01-14 12:36:14","2020-01-14 12:36:14",1
19231,"Borsko Bučje","2020-01-14 12:36:14","2020-01-14 12:36:14",1
19234,"Luka","2020-01-14 12:36:14","2020-01-14 12:36:14",1
19235,"Velika Jasikova","2020-01-14 12:36:14","2020-01-14 12:36:14",1
19236,"Halovo","2020-01-14 12:36:14","2020-01-14 12:36:14",1
19250,"Majdanpek","2020-01-14 12:36:14","2020-01-14 12:36:14",1
19257,"Rudna Glava","2020-01-14 12:36:14","2020-01-14 12:36:14",1
19300,"Negotin","2020-01-14 12:36:15","2020-01-14 12:36:15",1
19303,"Štubik","2020-01-14 12:36:15","2020-01-14 12:36:15",1
19304,"Jabukovac","2020-01-14 12:36:15","2020-01-14 12:36:15",1
19305,"Urovica","2020-01-14 12:36:15","2020-01-14 12:36:15",1
19306,"Trnjane","2020-01-14 12:36:15","2020-01-14 12:36:15",1
19311,"Nikolićevo","2020-01-14 12:36:15","2020-01-14 12:36:15",1
19312,"Vražogrnac","2020-01-14 12:36:15","2020-01-14 12:36:15",1
19313,"Brusnik","2020-01-14 12:36:15","2020-01-14 12:36:15",1
19314,"Rajac","2020-01-14 12:36:15","2020-01-14 12:36:15",1
19315,"Braćevac","2020-01-14 12:36:15","2020-01-14 12:36:15",1
19316,"Kobišnica","2020-01-14 12:36:15","2020-01-14 12:36:15",1
19317,"Mokranja","2020-01-14 12:36:16","2020-01-14 12:36:16",1
19318,"Rogljevo","2020-01-14 12:36:16","2020-01-14 12:36:16",1
19320,"Kladovo","2020-01-14 12:36:16","2020-01-14 12:36:16",1
19321,"Podvrška","2020-01-14 12:36:16","2020-01-14 12:36:16",1
19322,"Mihajlovac","2020-01-14 12:36:16","2020-01-14 12:36:16",1
19323,"Brza Palanka","2020-01-14 12:36:16","2020-01-14 12:36:16",1
19324,"Slatina","2020-01-14 12:36:16","2020-01-14 12:36:16",1
19325,"Tekija","2020-01-14 12:36:16","2020-01-14 12:36:16",1
19326,"Sip","2020-01-14 12:36:16","2020-01-14 12:36:16",1
19328,"Velesnica","2020-01-14 12:36:16","2020-01-14 12:36:16",1
19329,"Korbovo","2020-01-14 12:36:17","2020-01-14 12:36:17",1
19330,"Prahovo","2020-01-14 12:36:17","2020-01-14 12:36:17",1
19334,"Radujevac","2020-01-14 12:36:17","2020-01-14 12:36:17",1
19335,"Dušanovac","2020-01-14 12:36:17","2020-01-14 12:36:17",1
19340,"Minićevo","2020-01-14 12:36:17","2020-01-14 12:36:17",1
19341,"Grljan","2020-01-14 12:36:17","2020-01-14 12:36:17",1
19342,"Grlište","2020-01-14 12:36:17","2020-01-14 12:36:17",1
19343,"Lenovac","2020-01-14 12:36:17","2020-01-14 12:36:17",1
19344,"Vratarnica","2020-01-14 12:36:17","2020-01-14 12:36:17",1
19345,"Donje Zuniće","2020-01-14 12:36:17","2020-01-14 12:36:17",1
19347,"Mali Izvor","2020-01-14 12:36:17","2020-01-14 12:36:17",1
19350,"Knjaževac","2020-01-14 12:36:17","2020-01-14 12:36:17",1
19352,"Donja Kamenica","2020-01-14 12:36:17","2020-01-14 12:36:17",1
19353,"Kalna","2020-01-14 12:36:17","2020-01-14 12:36:17",1
19362,"Podvis","2020-01-14 12:36:18","2020-01-14 12:36:18",1
19366,"Beli Potok","2020-01-14 12:36:18","2020-01-14 12:36:18",1
19367,"Vasilj","2020-01-14 12:36:18","2020-01-14 12:36:18",1
19369,"Bučje","2020-01-14 12:36:18","2020-01-14 12:36:18",1
19370,"Boljevac","2020-01-14 12:36:18","2020-01-14 12:36:18",1
19371,"Lukovo","2020-01-14 12:36:18","2020-01-14 12:36:18",1
19372,"Bogovina","2020-01-14 12:36:18","2020-01-14 12:36:18",1
19373,"Šarbanovac","2020-01-14 12:36:18","2020-01-14 12:36:18",1
19375,"Krivi Vir","2020-01-14 12:36:18","2020-01-14 12:36:18",1
19376,"Sumrakovac","2020-01-14 12:36:19","2020-01-14 12:36:19",1
19377,"Savinac","2020-01-14 12:36:19","2020-01-14 12:36:19",1
19378,"Osnić","2020-01-14 12:36:19","2020-01-14 12:36:19",1
19379,"Šarbanovac Timok","2020-01-14 12:36:19","2020-01-14 12:36:19",1
21000,"Novi Sad","2020-01-14 12:36:03","2020-01-14 12:36:03",1
21131,"Petrovaradin","2020-01-14 12:36:06","2020-01-14 12:36:06",1
21201,"Rumenka","2020-01-14 12:36:08","2020-01-14 12:36:08",1
21203,"Veternik","2020-01-14 12:36:09","2020-01-14 12:36:09",1
21205,"Sremski Karlovci","2020-01-14 12:36:09","2020-01-14 12:36:09",1
21206,"Stari Ledinci","2020-01-14 12:36:09","2020-01-14 12:36:09",1
21207,"Ledinci","2020-01-14 12:36:09","2020-01-14 12:36:09",1
21208,"Sremska Kamenica","2020-01-14 12:36:09","2020-01-14 12:36:09",1
21209,"Bukovac","2020-01-14 12:36:09","2020-01-14 12:36:09",1
21211,"Kisač","2020-01-14 12:36:09","2020-01-14 12:36:09",1
21212,"Stepanovićevo","2020-01-14 12:36:09","2020-01-14 12:36:09",1
21213,"Zmajevo","2020-01-14 12:36:09","2020-01-14 12:36:09",1
21214,"Sirig","2020-01-14 12:36:09","2020-01-14 12:36:09",1
21215,"Turija","2020-01-14 12:36:09","2020-01-14 12:36:09",1
21216,"Nadalj","2020-01-14 12:36:10","2020-01-14 12:36:10",1
21217,"Bačko Gradište","2020-01-14 12:36:10","2020-01-14 12:36:10",1
21220,"Bečej","2020-01-14 12:36:10","2020-01-14 12:36:10",1
21225,"Radičević","2020-01-14 12:36:10","2020-01-14 12:36:10",1
21226,"Bačko Petrovo Selo","2020-01-14 12:36:10","2020-01-14 12:36:10",1
21227,"Mileševo","2020-01-14 12:36:10","2020-01-14 12:36:10",1
21230,"Žabalj","2020-01-14 12:36:11","2020-01-14 12:36:11",1
21233,"Čenej","2020-01-14 12:36:11","2020-01-14 12:36:11",1
21234,"Bački Jarak","2020-01-14 12:36:11","2020-01-14 12:36:11",1
21235,"Temerin","2020-01-14 12:36:11","2020-01-14 12:36:11",1
21237,"Gospođinci","2020-01-14 12:36:11","2020-01-14 12:36:11",1
21238,"Čurug","2020-01-14 12:36:11","2020-01-14 12:36:11",1
21239,"Đurdjevo","2020-01-14 12:36:11","2020-01-14 12:36:11",1
21240,"Titel","2020-01-14 12:36:11","2020-01-14 12:36:11",1
21241,"Kać","2020-01-14 12:36:11","2020-01-14 12:36:11",1
21242,"Budisava","2020-01-14 12:36:11","2020-01-14 12:36:11",1
21243,"Kovilj","2020-01-14 12:36:11","2020-01-14 12:36:11",1
21244,"Šajkaš","2020-01-14 12:36:11","2020-01-14 12:36:11",1
21245,"Mošorin","2020-01-14 12:36:11","2020-01-14 12:36:11",1
21246,"Vilovo","2020-01-14 12:36:11","2020-01-14 12:36:11",1
21247,"Gardinovci","2020-01-14 12:36:12","2020-01-14 12:36:12",1
21248,"Lok","2020-01-14 12:36:12","2020-01-14 12:36:12",1
21299,"Rakovac","2020-01-14 12:36:14","2020-01-14 12:36:14",1
21300,"Beočin","2020-01-14 12:36:14","2020-01-14 12:36:14",1
21311,"Čerević","2020-01-14 12:36:15","2020-01-14 12:36:15",1
21312,"Banoštor","2020-01-14 12:36:15","2020-01-14 12:36:15",1
21313,"Susek","2020-01-14 12:36:15","2020-01-14 12:36:15",1
21314,"Neštin","2020-01-14 12:36:15","2020-01-14 12:36:15",1
21315,"Lug","2020-01-14 12:36:15","2020-01-14 12:36:15",1
21400,"Bačka Palanka","2020-01-14 12:36:17","2020-01-14 12:36:17",1
21410,"Futog","2020-01-14 12:36:18","2020-01-14 12:36:18",1
21411,"Begeč","2020-01-14 12:36:18","2020-01-14 12:36:18",1
21412,"Gložan","2020-01-14 12:36:18","2020-01-14 12:36:18",1
21413,"Čelarevo","2020-01-14 12:36:18","2020-01-14 12:36:18",1
21420,"Bač","2020-01-14 12:36:18","2020-01-14 12:36:18",1
21421,"Karađorđevo","2020-01-14 12:36:18","2020-01-14 12:36:18",1
21422,"Mladenovo","2020-01-14 12:36:18","2020-01-14 12:36:18",1
21423,"Obrovac","2020-01-14 12:36:18","2020-01-14 12:36:18",1
21424,"Tovariševo","2020-01-14 12:36:19","2020-01-14 12:36:19",1
21425,"Selenča","2020-01-14 12:36:19","2020-01-14 12:36:19",1
21426,"Vajska","2020-01-14 12:36:19","2020-01-14 12:36:19",1
21427,"Bođani","2020-01-14 12:36:19","2020-01-14 12:36:19",1
21428,"Plavna","2020-01-14 12:36:19","2020-01-14 12:36:19",1
21429,"Bačko Novo Selo","2020-01-14 12:36:19","2020-01-14 12:36:19",1
21431,"Nova Gajdobra","2020-01-14 12:36:19","2020-01-14 12:36:19",1
21432,"Gajdobra","2020-01-14 12:36:19","2020-01-14 12:36:19",1
21433,"Silbaš","2020-01-14 12:36:19","2020-01-14 12:36:19",1
21434,"Parage","2020-01-14 12:36:19","2020-01-14 12:36:19",1
21460,"Vrbas","2020-01-14 12:36:20","2020-01-14 12:36:20",1
21465,"Bačko Dobro Polje","2020-01-14 12:36:21","2020-01-14 12:36:21",1
21466,"Kucura","2020-01-14 12:36:21","2020-01-14 12:36:21",1
21467,"Savino Selo","2020-01-14 12:36:21","2020-01-14 12:36:21",1
21468,"Despotovo","2020-01-14 12:36:21","2020-01-14 12:36:21",1
21469,"Pivnice","2020-01-14 12:36:21","2020-01-14 12:36:21",1
21470,"Bački Petrovac","2020-01-14 12:36:21","2020-01-14 12:36:21",1
21471,"Ravno Selo","2020-01-14 12:36:21","2020-01-14 12:36:21",1
21472,"Kulpin","2020-01-14 12:36:22","2020-01-14 12:36:22",1
21473,"Maglić","2020-01-14 12:36:22","2020-01-14 12:36:22",1
21480,"Srbobran","2020-01-14 12:36:22","2020-01-14 12:36:22",1
22000,"Sremska Mitrovica","2020-01-14 12:36:36","2020-01-14 12:36:36",1
22201,"Zasavica","2020-01-14 12:36:41","2020-01-14 12:36:41",1
22202,"Mačvanska Mitrovica","2020-01-14 12:36:41","2020-01-14 12:36:41",1
22203,"Noćaj","2020-01-14 12:36:41","2020-01-14 12:36:41",1
22204,"Salaš Noćajski","2020-01-14 12:36:41","2020-01-14 12:36:41",1
22205,"Ravnje","2020-01-14 12:36:41","2020-01-14 12:36:41",1
22206,"Radenković","2020-01-14 12:36:41","2020-01-14 12:36:41",1
22207,"Ležimir","2020-01-14 12:36:41","2020-01-14 12:36:41",1
22208,"Manđelos","2020-01-14 12:36:41","2020-01-14 12:36:41",1
22211,"Veliki Radinci","2020-01-14 12:36:41","2020-01-14 12:36:41",1
22212,"Bešenovo","2020-01-14 12:36:41","2020-01-14 12:36:41",1
22213,"Grgurevci","2020-01-14 12:36:41","2020-01-14 12:36:41",1
22217,"Bosut","2020-01-14 12:36:41","2020-01-14 12:36:41",1
22221,"Laćarak","2020-01-14 12:36:42","2020-01-14 12:36:42",1
22222,"Martinci","2020-01-14 12:36:42","2020-01-14 12:36:42",1
22223,"Kuzmin","2020-01-14 12:36:42","2020-01-14 12:36:42",1
22224,"Kukujevci","2020-01-14 12:36:42","2020-01-14 12:36:42",1
22225,"Bacinci","2020-01-14 12:36:42","2020-01-14 12:36:42",1
22230,"Erdevik","2020-01-14 12:36:42","2020-01-14 12:36:42",1
22231,"Čalma","2020-01-14 12:36:42","2020-01-14 12:36:42",1
22232,"Divoš","2020-01-14 12:36:42","2020-01-14 12:36:42",1
22240,"Šid","2020-01-14 12:36:43","2020-01-14 12:36:43",1
22241,"Vasica","2020-01-14 12:36:43","2020-01-14 12:36:43",1
22242,"Berkasovo","2020-01-14 12:36:43","2020-01-14 12:36:43",1
22243,"Sot","2020-01-14 12:36:43","2020-01-14 12:36:43",1
22244,"Adaševci","2020-01-14 12:36:43","2020-01-14 12:36:43",1
22245,"Morović","2020-01-14 12:36:44","2020-01-14 12:36:44",1
22246,"Višnjićevo","2020-01-14 12:36:44","2020-01-14 12:36:44",1
22247,"Sremska Rača","2020-01-14 12:36:44","2020-01-14 12:36:44",1
22248,"Jamena","2020-01-14 12:36:44","2020-01-14 12:36:44",1
22250,"Ilinci","2020-01-14 12:36:44","2020-01-14 12:36:44",1
22251,"Batrovci","2020-01-14 12:36:44","2020-01-14 12:36:44",1
22253,"Bingula","2020-01-14 12:36:44","2020-01-14 12:36:44",1
22254,"Bikić Do","2020-01-14 12:36:44","2020-01-14 12:36:44",1
22255,"Ljuba","2020-01-14 12:36:45","2020-01-14 12:36:45",1
22256,"Molovin","2020-01-14 12:36:45","2020-01-14 12:36:45",1
22257,"Privina Glava","2020-01-14 12:36:45","2020-01-14 12:36:45",1
22258,"Gibarac","2020-01-14 12:36:45","2020-01-14 12:36:45",1
22300,"Stara Pazova","2020-01-14 12:36:46","2020-01-14 12:36:46",1
22303,"Banovci Dunav","2020-01-14 12:36:46","2020-01-14 12:36:46",1
22304,"Novi Banovci","2020-01-14 12:36:46","2020-01-14 12:36:46",1
22305,"Stari Banovci","2020-01-14 12:36:46","2020-01-14 12:36:46",1
22306,"Belegiš","2020-01-14 12:36:46","2020-01-14 12:36:46",1
22307,"Surduk","2020-01-14 12:36:47","2020-01-14 12:36:47",1
22308,"Golubinci","2020-01-14 12:36:47","2020-01-14 12:36:47",1
22310,"Šimanovci","2020-01-14 12:36:47","2020-01-14 12:36:47",1
22313,"Vojka","2020-01-14 12:36:47","2020-01-14 12:36:47",1
22314,"Krnješevci","2020-01-14 12:36:47","2020-01-14 12:36:47",1
22320,"Inđija","2020-01-14 12:36:48","2020-01-14 12:36:48",1
22321,"Ljukovo","2020-01-14 12:36:48","2020-01-14 12:36:48",1
22322,"Novi Karlovci","2020-01-14 12:36:48","2020-01-14 12:36:48",1
22323,"Novi Slankamen","2020-01-14 12:36:48","2020-01-14 12:36:48",1
22324,"Beška","2020-01-14 12:36:48","2020-01-14 12:36:48",1
22325,"Krčedin","2020-01-14 12:36:49","2020-01-14 12:36:49",1
22326,"Čortanovci","2020-01-14 12:36:49","2020-01-14 12:36:49",1
22327,"Maradik","2020-01-14 12:36:50","2020-01-14 12:36:50",1
22328,"Krušedol","2020-01-14 12:36:50","2020-01-14 12:36:50",1
22329,"Stari Slankamen","2020-01-14 12:36:50","2020-01-14 12:36:50",1
22330,"Nova Pazova","2020-01-14 12:36:50","2020-01-14 12:36:50",1
22400,"Ruma","2020-01-14 12:36:53","2020-01-14 12:36:53",1
22404,"Putinci","2020-01-14 12:36:54","2020-01-14 12:36:54",1
22405,"Stejanovci","2020-01-14 12:36:54","2020-01-14 12:36:54",1
22406,"Irig","2020-01-14 12:36:54","2020-01-14 12:36:54",1
22408,"Vrdnik","2020-01-14 12:36:54","2020-01-14 12:36:54",1
22409,"Jazak","2020-01-14 12:36:54","2020-01-14 12:36:54",1
22410,"Pećinci","2020-01-14 12:36:54","2020-01-14 12:36:54",1
22411,"Kraljevci","2020-01-14 12:36:55","2020-01-14 12:36:55",1
22412,"Dobrinci","2020-01-14 12:36:55","2020-01-14 12:36:55",1
22413,"Sremski Mihaljevci","2020-01-14 12:36:55","2020-01-14 12:36:55",1
22414,"Subotište","2020-01-14 12:36:55","2020-01-14 12:36:55",1
22415,"Brestač","2020-01-14 12:36:55","2020-01-14 12:36:55",1
22416,"Ogar","2020-01-14 12:36:55","2020-01-14 12:36:55",1
22417,"Obrez","2020-01-14 12:36:55","2020-01-14 12:36:55",1
22418,"Asanja","2020-01-14 12:36:55","2020-01-14 12:36:55",1
22419,"Kupinovo","2020-01-14 12:36:55","2020-01-14 12:36:55",1
22420,"Platičevo","2020-01-14 12:36:55","2020-01-14 12:36:55",1
22421,"Buđanovci","2020-01-14 12:36:56","2020-01-14 12:36:56",1
22422,"Nikinci","2020-01-14 12:36:56","2020-01-14 12:36:56",1
22423,"Grabovci","2020-01-14 12:36:56","2020-01-14 12:36:56",1
22424,"Klenak","2020-01-14 12:36:56","2020-01-14 12:36:56",1
22425,"Šašinci","2020-01-14 12:36:56","2020-01-14 12:36:56",1
22427,"Hrtkovci","2020-01-14 12:36:56","2020-01-14 12:36:56",1
22428,"Popinci","2020-01-14 12:36:56","2020-01-14 12:36:56",1
22429,"Voganj","2020-01-14 12:36:56","2020-01-14 12:36:56",1
22431,"Vitojevci","2020-01-14 12:36:56","2020-01-14 12:36:56",1
22440,"Sibač","2020-01-14 12:36:56","2020-01-14 12:36:56",1
22441,"Deč","2020-01-14 12:36:56","2020-01-14 12:36:56",1
22442,"Prhovo","2020-01-14 12:36:56","2020-01-14 12:36:56",1
22443,"Karlovčić","2020-01-14 12:36:57","2020-01-14 12:36:57",1
23000,"Zrenjanin","2020-01-14 12:36:03","2020-01-14 12:36:03",1
23202,"Mihajlovo","2020-01-14 12:36:06","2020-01-14 12:36:06",1
23203,"Ečka","2020-01-14 12:36:06","2020-01-14 12:36:06",1
23204,"Stajićevo","2020-01-14 12:36:06","2020-01-14 12:36:06",1
23205,"Belo Blato","2020-01-14 12:36:06","2020-01-14 12:36:06",1
23206,"Muzlja","2020-01-14 12:36:06","2020-01-14 12:36:06",1
23207,"Aradac","2020-01-14 12:36:07","2020-01-14 12:36:07",1
23208,"Elemir","2020-01-14 12:36:07","2020-01-14 12:36:07",1
23209,"Taraš","2020-01-14 12:36:07","2020-01-14 12:36:07",1
23210,"Žitište","2020-01-14 12:36:07","2020-01-14 12:36:07",1
23211,"Klek","2020-01-14 12:36:07","2020-01-14 12:36:07",1
23212,"Ravni Topolovac","2020-01-14 12:36:07","2020-01-14 12:36:07",1
23213,"Banatski Dvor","2020-01-14 12:36:07","2020-01-14 12:36:07",1
23214,"Torda","2020-01-14 12:36:07","2020-01-14 12:36:07",1
23215,"Čestereg","2020-01-14 12:36:07","2020-01-14 12:36:07",1
23216,"Banatsko Karađorđevo","2020-01-14 12:36:07","2020-01-14 12:36:07",1
23217,"Aleksandrovo","2020-01-14 12:36:07","2020-01-14 12:36:07",1
23218,"Nova Crnja","2020-01-14 12:36:07","2020-01-14 12:36:07",1
23219,"Vojvoda Stepa","2020-01-14 12:36:07","2020-01-14 12:36:07",1
23220,"Srpska Crnja","2020-01-14 12:36:07","2020-01-14 12:36:07",1
23221,"Radojevo","2020-01-14 12:36:07","2020-01-14 12:36:07",1
23222,"Toba","2020-01-14 12:36:07","2020-01-14 12:36:07",1
23224,"Lukino Selo","2020-01-14 12:36:07","2020-01-14 12:36:07",1
23230,"Jaša Tomić","2020-01-14 12:36:08","2020-01-14 12:36:08",1
23231,"Krajišnik","2020-01-14 12:36:08","2020-01-14 12:36:08",1
23232,"Begejci","2020-01-14 12:36:08","2020-01-14 12:36:08",1
23233,"Srpski Itebej","2020-01-14 12:36:08","2020-01-14 12:36:08",1
23234,"Međa","2020-01-14 12:36:08","2020-01-14 12:36:08",1
23235,"Hetin","2020-01-14 12:36:08","2020-01-14 12:36:08",1
23236,"Novi Itebej","2020-01-14 12:36:08","2020-01-14 12:36:08",1
23237,"Banatsko Višnjićevo","2020-01-14 12:36:08","2020-01-14 12:36:08",1
23240,"Sečanj","2020-01-14 12:36:08","2020-01-14 12:36:08",1
23241,"Lazarevo","2020-01-14 12:36:08","2020-01-14 12:36:08",1
23242,"Banatski Despotovac","2020-01-14 12:36:08","2020-01-14 12:36:08",1
23243,"Botoš","2020-01-14 12:36:08","2020-01-14 12:36:08",1
23244,"Sutjeska","2020-01-14 12:36:08","2020-01-14 12:36:08",1
23245,"Neuzina","2020-01-14 12:36:08","2020-01-14 12:36:08",1
23250,"Jarkovac","2020-01-14 12:36:09","2020-01-14 12:36:09",1
23251,"Banatska Dubica","2020-01-14 12:36:09","2020-01-14 12:36:09",1
23252,"Boka","2020-01-14 12:36:09","2020-01-14 12:36:09",1
23253,"Konak","2020-01-14 12:36:09","2020-01-14 12:36:09",1
23254,"Surjan","2020-01-14 12:36:09","2020-01-14 12:36:09",1
23255,"Zlatica","2020-01-14 12:36:09","2020-01-14 12:36:09",1
23260,"Perlez","2020-01-14 12:36:09","2020-01-14 12:36:09",1
23261,"Lukićevo","2020-01-14 12:36:09","2020-01-14 12:36:09",1
23262,"Tomaševac","2020-01-14 12:36:09","2020-01-14 12:36:09",1
23263,"Orlovat","2020-01-14 12:36:09","2020-01-14 12:36:09",1
23264,"Farkaždin","2020-01-14 12:36:10","2020-01-14 12:36:10",1
23265,"Knićanin","2020-01-14 12:36:10","2020-01-14 12:36:10",1
23266,"Ćenta","2020-01-14 12:36:10","2020-01-14 12:36:10",1
23270,"Melenci","2020-01-14 12:36:10","2020-01-14 12:36:10",1
23271,"Kumane","2020-01-14 12:36:10","2020-01-14 12:36:10",1
23272,"Novi Bečej","2020-01-14 12:36:10","2020-01-14 12:36:10",1
23273,"Novo Miloševo","2020-01-14 12:36:10","2020-01-14 12:36:10",1
23274,"Bočar","2020-01-14 12:36:10","2020-01-14 12:36:10",1
23300,"Kikinda","2020-01-14 12:36:12","2020-01-14 12:36:12",1
23305,"Mokrin","2020-01-14 12:36:12","2020-01-14 12:36:12",1
23311,"Nakovo","2020-01-14 12:36:12","2020-01-14 12:36:12",1
23312,"Banatsko Veliko Selo","2020-01-14 12:36:13","2020-01-14 12:36:13",1
23313,"Novi Kozarci","2020-01-14 12:36:13","2020-01-14 12:36:13",1
23314,"Rusko Selo","2020-01-14 12:36:13","2020-01-14 12:36:13",1
23315,"Banatska Topola","2020-01-14 12:36:13","2020-01-14 12:36:13",1
23316,"Bašaid","2020-01-14 12:36:13","2020-01-14 12:36:13",1
23320,"Čoka","2020-01-14 12:36:13","2020-01-14 12:36:13",1
23323,"Iđos","2020-01-14 12:36:13","2020-01-14 12:36:13",1
23324,"Sajan","2020-01-14 12:36:14","2020-01-14 12:36:14",1
23325,"Padej","2020-01-14 12:36:14","2020-01-14 12:36:14",1
23326,"Ostojićevo","2020-01-14 12:36:14","2020-01-14 12:36:14",1
23327,"Jazovo","2020-01-14 12:36:14","2020-01-14 12:36:14",1
23328,"Crna Bara","2020-01-14 12:36:14","2020-01-14 12:36:14",1
23329,"Vrbica","2020-01-14 12:36:14","2020-01-14 12:36:14",1
23330,"Novi Kneževac","2020-01-14 12:36:14","2020-01-14 12:36:14",1
23331,"Sanad","2020-01-14 12:36:14","2020-01-14 12:36:14",1
23332,"Banatsko Aranđelovo","2020-01-14 12:36:14","2020-01-14 12:36:14",1
23333,"Majdan","2020-01-14 12:36:14","2020-01-14 12:36:14",1
23334,"Srpski Krstur","2020-01-14 12:36:14","2020-01-14 12:36:14",1
23335,"Đala","2020-01-14 12:36:14","2020-01-14 12:36:14",1
24000,"Subotica","2020-01-14 12:36:34","2020-01-14 12:36:34",1
24104,"Kelebija","2020-01-14 12:36:38","2020-01-14 12:36:38",1
24205,"Kelebija-granični prelaz","2020-01-14 12:36:40","2020-01-14 12:36:40",1
24206,"Bikovo","2020-01-14 12:36:40","2020-01-14 12:36:40",1
24207,"Orom","2020-01-14 12:36:40","2020-01-14 12:36:40",1
24210,"Bajmok","2020-01-14 12:36:40","2020-01-14 12:36:40",1
24211,"Mišićevo","2020-01-14 12:36:40","2020-01-14 12:36:40",1
24213,"Đurđin","2020-01-14 12:36:40","2020-01-14 12:36:40",1
24214,"Tavankut","2020-01-14 12:36:40","2020-01-14 12:36:40",1
24215,"Ljutovo","2020-01-14 12:36:40","2020-01-14 12:36:40",1
24217,"Mala Bosna","2020-01-14 12:36:41","2020-01-14 12:36:41",1
24220,"Čantavir","2020-01-14 12:36:41","2020-01-14 12:36:41",1
24222,"Višnjevac","2020-01-14 12:36:41","2020-01-14 12:36:41",1
24223,"Novi Žednik","2020-01-14 12:36:41","2020-01-14 12:36:41",1
24224,"Stari Žednik","2020-01-14 12:36:41","2020-01-14 12:36:41",1
24300,"Bačka Topola","2020-01-14 12:36:44","2020-01-14 12:36:44",1
24308,"Karađorđevo","2020-01-14 12:36:45","2020-01-14 12:36:45",1
24309,"Mali Beograd","2020-01-14 12:36:45","2020-01-14 12:36:45",1
24311,"Njegoševo","2020-01-14 12:36:45","2020-01-14 12:36:45",1
24312,"Gunaroš","2020-01-14 12:36:45","2020-01-14 12:36:45",1
24313,"Pobeda","2020-01-14 12:36:45","2020-01-14 12:36:45",1
24321,"Mali Idjoš","2020-01-14 12:36:45","2020-01-14 12:36:45",1
24322,"Lovćenac","2020-01-14 12:36:45","2020-01-14 12:36:45",1
24323,"Feketić","2020-01-14 12:36:45","2020-01-14 12:36:45",1
24330,"Panonija","2020-01-14 12:36:46","2020-01-14 12:36:46",1
24331,"Bajša","2020-01-14 12:36:46","2020-01-14 12:36:46",1
24340,"Stara Moravica","2020-01-14 12:36:46","2020-01-14 12:36:46",1
24341,"Krivaja","2020-01-14 12:36:46","2020-01-14 12:36:46",1
24342,"Pačir","2020-01-14 12:36:46","2020-01-14 12:36:46",1
24343,"Bački Sokolac","2020-01-14 12:36:46","2020-01-14 12:36:46",1
24344,"Orešković","2020-01-14 12:36:46","2020-01-14 12:36:46",1
24351,"Novo Orahovo","2020-01-14 12:36:46","2020-01-14 12:36:46",1
24352,"Tornjoš","2020-01-14 12:36:46","2020-01-14 12:36:46",1
24400,"Senta","2020-01-14 12:36:51","2020-01-14 12:36:51",1
24406,"Gornji Breg","2020-01-14 12:36:51","2020-01-14 12:36:51",1
24407,"Kevi","2020-01-14 12:36:52","2020-01-14 12:36:52",1
24408,"Bogaraš","2020-01-14 12:36:52","2020-01-14 12:36:52",1
24410,"Horgoš","2020-01-14 12:36:52","2020-01-14 12:36:52",1
24411,"Horgoš Granični Prelaz","2020-01-14 12:36:52","2020-01-14 12:36:52",1
24413,"Palić","2020-01-14 12:36:52","2020-01-14 12:36:52",1
24414,"Hajdukovo","2020-01-14 12:36:52","2020-01-14 12:36:52",1
24415,"Bački Vinogradi","2020-01-14 12:36:52","2020-01-14 12:36:52",1
24416,"Male Pijace","2020-01-14 12:36:52","2020-01-14 12:36:52",1
24417,"Martonoš","2020-01-14 12:36:52","2020-01-14 12:36:52",1
24420,"Kanjiža","2020-01-14 12:36:52","2020-01-14 12:36:52",1
24425,"Adorjan","2020-01-14 12:36:52","2020-01-14 12:36:52",1
24426,"Trešnjevac","2020-01-14 12:36:52","2020-01-14 12:36:52",1
24427,"Totovo Selo","2020-01-14 12:36:52","2020-01-14 12:36:52",1
24430,"Ada","2020-01-14 12:36:52","2020-01-14 12:36:52",1
24435,"Mol","2020-01-14 12:36:53","2020-01-14 12:36:53",1
24437,"Utrine","2020-01-14 12:36:53","2020-01-14 12:36:53",1
25000,"Sombor","2020-01-14 12:36:01","2020-01-14 12:36:01",1
25210,"Čonoplja","2020-01-14 12:36:05","2020-01-14 12:36:05",1
25211,"Svetozar Miletić","2020-01-14 12:36:05","2020-01-14 12:36:05",1
25212,"Aleksa Šantić","2020-01-14 12:36:05","2020-01-14 12:36:05",1
25220,"Crvenka","2020-01-14 12:36:05","2020-01-14 12:36:05",1
25221,"Kljajićevo","2020-01-14 12:36:05","2020-01-14 12:36:05",1
25222,"Telečka","2020-01-14 12:36:05","2020-01-14 12:36:05",1
25223,"Sivac","2020-01-14 12:36:06","2020-01-14 12:36:06",1
25224,"Nova Crvenka","2020-01-14 12:36:06","2020-01-14 12:36:06",1
25225,"Kruščić","2020-01-14 12:36:06","2020-01-14 12:36:06",1
25230,"Kula","2020-01-14 12:36:06","2020-01-14 12:36:06",1
25232,"Lipar","2020-01-14 12:36:06","2020-01-14 12:36:06",1
25233,"Ruski Krstur","2020-01-14 12:36:06","2020-01-14 12:36:06",1
25234,"Lalić","2020-01-14 12:36:06","2020-01-14 12:36:06",1
25240,"Stapar","2020-01-14 12:36:06","2020-01-14 12:36:06",1
25242,"Bački Brestovac","2020-01-14 12:36:06","2020-01-14 12:36:06",1
25243,"Doroslovo","2020-01-14 12:36:06","2020-01-14 12:36:06",1
25244,"Srpski Miletić","2020-01-14 12:36:06","2020-01-14 12:36:06",1
25245,"Bogojevo","2020-01-14 12:36:06","2020-01-14 12:36:06",1
25250,"Odžaci","2020-01-14 12:36:06","2020-01-14 12:36:06",1
25252,"Bački Gračac","2020-01-14 12:36:06","2020-01-14 12:36:06",1
25253,"Ratkovo","2020-01-14 12:36:06","2020-01-14 12:36:06",1
25254,"Deronje","2020-01-14 12:36:06","2020-01-14 12:36:06",1
25255,"Karavukovo","2020-01-14 12:36:07","2020-01-14 12:36:07",1
25260,"Apatin","2020-01-14 12:36:07","2020-01-14 12:36:07",1
25262,"Kupušina","2020-01-14 12:36:07","2020-01-14 12:36:07",1
25263,"Prigrevica","2020-01-14 12:36:07","2020-01-14 12:36:07",1
25264,"Sonta","2020-01-14 12:36:07","2020-01-14 12:36:07",1
25265,"Svilojevo","2020-01-14 12:36:07","2020-01-14 12:36:07",1
25270,"Bezdan","2020-01-14 12:36:07","2020-01-14 12:36:07",1
25272,"Bački Monoštor","2020-01-14 12:36:07","2020-01-14 12:36:07",1
25274,"Kolut","2020-01-14 12:36:08","2020-01-14 12:36:08",1
25275,"Bački Breg","2020-01-14 12:36:08","2020-01-14 12:36:08",1
25280,"Ridjica","2020-01-14 12:36:08","2020-01-14 12:36:08",1
25282,"Gakovo","2020-01-14 12:36:08","2020-01-14 12:36:08",1
25283,"Rastina","2020-01-14 12:36:08","2020-01-14 12:36:08",1
25284,"Stanišić","2020-01-14 12:36:08","2020-01-14 12:36:08",1
26000,"Pančevo","2020-01-14 12:36:33","2020-01-14 12:36:33",1
26201,"Jabuka","2020-01-14 12:36:39","2020-01-14 12:36:39",1
26202,"Glogonj","2020-01-14 12:36:39","2020-01-14 12:36:39",1
26203,"Sefkerin","2020-01-14 12:36:39","2020-01-14 12:36:39",1
26204,"Opovo","2020-01-14 12:36:39","2020-01-14 12:36:39",1
26205,"Baranda","2020-01-14 12:36:39","2020-01-14 12:36:39",1
26206,"Sakule","2020-01-14 12:36:39","2020-01-14 12:36:39",1
26207,"Idvor","2020-01-14 12:36:39","2020-01-14 12:36:39",1
26210,"Kovačica","2020-01-14 12:36:39","2020-01-14 12:36:39",1
26212,"Kačarevo","2020-01-14 12:36:39","2020-01-14 12:36:39",1
26213,"Crepaja","2020-01-14 12:36:39","2020-01-14 12:36:39",1
26214,"Debeljača","2020-01-14 12:36:39","2020-01-14 12:36:39",1
26215,"Padina","2020-01-14 12:36:39","2020-01-14 12:36:39",1
26216,"Uzdin","2020-01-14 12:36:40","2020-01-14 12:36:40",1
26220,"Kovin","2020-01-14 12:36:40","2020-01-14 12:36:40",1
26222,"Bavanište","2020-01-14 12:36:40","2020-01-14 12:36:40",1
26223,"Gaj","2020-01-14 12:36:40","2020-01-14 12:36:40",1
26224,"Dubovac","2020-01-14 12:36:40","2020-01-14 12:36:40",1
26225,"Deliblato","2020-01-14 12:36:40","2020-01-14 12:36:40",1
26226,"Mramorak","2020-01-14 12:36:40","2020-01-14 12:36:40",1
26227,"Dolovo","2020-01-14 12:36:40","2020-01-14 12:36:40",1
26228,"Skorenovac","2020-01-14 12:36:40","2020-01-14 12:36:40",1
26229,"Pločica","2020-01-14 12:36:40","2020-01-14 12:36:40",1
26230,"Omoljica","2020-01-14 12:36:40","2020-01-14 12:36:40",1
26232,"Starčevo","2020-01-14 12:36:40","2020-01-14 12:36:40",1
26233,"Ivanovo","2020-01-14 12:36:40","2020-01-14 12:36:40",1
26234,"Banatski Brestovac","2020-01-14 12:36:40","2020-01-14 12:36:40",1
26300,"Vršac","2020-01-14 12:36:41","2020-01-14 12:36:41",1
26310,"Alibunar","2020-01-14 12:36:41","2020-01-14 12:36:41",1
26314,"Banatsko Novo Selo","2020-01-14 12:36:41","2020-01-14 12:36:41",1
26315,"Vladimirovac","2020-01-14 12:36:41","2020-01-14 12:36:41",1
26316,"Devojački Bunar","2020-01-14 12:36:42","2020-01-14 12:36:42",1
26320,"Banatski Karlovac","2020-01-14 12:36:42","2020-01-14 12:36:42",1
26322,"Nikolinci","2020-01-14 12:36:42","2020-01-14 12:36:42",1
26323,"Crvena Crkva","2020-01-14 12:36:42","2020-01-14 12:36:42",1
26324,"Banatska Palanka","2020-01-14 12:36:42","2020-01-14 12:36:42",1
26327,"Banatska Subotica","2020-01-14 12:36:42","2020-01-14 12:36:42",1
26328,"Dupljaja","2020-01-14 12:36:42","2020-01-14 12:36:42",1
26329,"Kajtasovo","2020-01-14 12:36:42","2020-01-14 12:36:42",1
26330,"Uljma","2020-01-14 12:36:42","2020-01-14 12:36:42",1
26331,"Ritiševo","2020-01-14 12:36:42","2020-01-14 12:36:42",1
26332,"Vlajkovac","2020-01-14 12:36:43","2020-01-14 12:36:43",1
26333,"Pavliš","2020-01-14 12:36:43","2020-01-14 12:36:43",1
26334,"Veliko Središte","2020-01-14 12:36:43","2020-01-14 12:36:43",1
26335,"Gudurica","2020-01-14 12:36:43","2020-01-14 12:36:43",1
26336,"Kuštilj","2020-01-14 12:36:43","2020-01-14 12:36:43",1
26337,"Vatin","2020-01-14 12:36:43","2020-01-14 12:36:43",1
26338,"Vojvodinci","2020-01-14 12:36:43","2020-01-14 12:36:43",1
26340,"Bela Crkva","2020-01-14 12:36:43","2020-01-14 12:36:43",1
26343,"Izbište","2020-01-14 12:36:44","2020-01-14 12:36:44",1
26345,"Straža","2020-01-14 12:36:44","2020-01-14 12:36:44",1
26346,"Jasenovo","2020-01-14 12:36:44","2020-01-14 12:36:44",1
26347,"Grebenac","2020-01-14 12:36:44","2020-01-14 12:36:44",1
26348,"Vračev Gaj","2020-01-14 12:36:44","2020-01-14 12:36:44",1
26349,"Kusić","2020-01-14 12:36:44","2020-01-14 12:36:44",1
26350,"Samoš","2020-01-14 12:36:44","2020-01-14 12:36:44",1
26351,"Seleuš","2020-01-14 12:36:44","2020-01-14 12:36:44",1
26352,"Ilandža","2020-01-14 12:36:45","2020-01-14 12:36:45",1
26353,"Novi Kozjak","2020-01-14 12:36:45","2020-01-14 12:36:45",1
26354,"Dobrica","2020-01-14 12:36:45","2020-01-14 12:36:45",1
26360,"Plandište","2020-01-14 12:36:45","2020-01-14 12:36:45",1
26361,"Lokve","2020-01-14 12:36:45","2020-01-14 12:36:45",1
26362,"Janošik","2020-01-14 12:36:45","2020-01-14 12:36:45",1
26363,"Jermenovci","2020-01-14 12:36:45","2020-01-14 12:36:45",1
26364,"Margita","2020-01-14 12:36:45","2020-01-14 12:36:45",1
26365,"Veliki Gaj","2020-01-14 12:36:45","2020-01-14 12:36:45",1
26366,"Velika Greda","2020-01-14 12:36:45","2020-01-14 12:36:45",1
26367,"Barice","2020-01-14 12:36:45","2020-01-14 12:36:45",1
26368,"Kupinik","2020-01-14 12:36:45","2020-01-14 12:36:45",1
26370,"Hajdučica","2020-01-14 12:36:45","2020-01-14 12:36:45",1
26371,"Stari Lec","2020-01-14 12:36:46","2020-01-14 12:36:46",1
26373,"Miletićevo","2020-01-14 12:36:46","2020-01-14 12:36:46",1
26380,"Kruščica","2020-01-14 12:36:46","2020-01-14 12:36:46",1
31000,"Užice","2020-01-14 12:35:55","2020-01-14 12:35:55",1
31203,"Lunovo Selo","2020-01-14 12:36:03","2020-01-14 12:36:03",1
31204,"Karan","2020-01-14 12:36:03","2020-01-14 12:36:03",1
31205,"Sevojno","2020-01-14 12:36:03","2020-01-14 12:36:03",1
31206,"Ravni","2020-01-14 12:36:03","2020-01-14 12:36:03",1
31207,"Sirogojno","2020-01-14 12:36:03","2020-01-14 12:36:03",1
31208,"Rožanstvo","2020-01-14 12:36:03","2020-01-14 12:36:03",1
31209,"Ljubiš","2020-01-14 12:36:03","2020-01-14 12:36:03",1
31210,"Požega","2020-01-14 12:36:03","2020-01-14 12:36:03",1
31213,"Ježevica","2020-01-14 12:36:03","2020-01-14 12:36:03",1
31214,"Gornja Dobrinja","2020-01-14 12:36:03","2020-01-14 12:36:03",1
31215,"Jelen Do","2020-01-14 12:36:03","2020-01-14 12:36:03",1
31230,"Arilje","2020-01-14 12:36:03","2020-01-14 12:36:03",1
31233,"Kruščica","2020-01-14 12:36:03","2020-01-14 12:36:03",1
31234,"Brekovo","2020-01-14 12:36:03","2020-01-14 12:36:03",1
31236,"Divljaka","2020-01-14 12:36:03","2020-01-14 12:36:03",1
31237,"Roge","2020-01-14 12:36:03","2020-01-14 12:36:03",1
31241,"Bioska","2020-01-14 12:36:03","2020-01-14 12:36:03",1
31242,"Kremna","2020-01-14 12:36:03","2020-01-14 12:36:03",1
31243,"Mokra Gora","2020-01-14 12:36:03","2020-01-14 12:36:03",1
31244,"Šljivovica","2020-01-14 12:36:03","2020-01-14 12:36:03",1
31250,"Bajina Bašta","2020-01-14 12:36:03","2020-01-14 12:36:03",1
31251,"Mitrovac","2020-01-14 12:36:03","2020-01-14 12:36:03",1
31253,"Zlodol","2020-01-14 12:36:04","2020-01-14 12:36:04",1
31254,"Kostojevići","2020-01-14 12:36:04","2020-01-14 12:36:04",1
31255,"Rogačica","2020-01-14 12:36:04","2020-01-14 12:36:04",1
31256,"Perućac","2020-01-14 12:36:04","2020-01-14 12:36:04",1
31257,"Kaluđerske Bare","2020-01-14 12:36:04","2020-01-14 12:36:04",1
31258,"Bačevci","2020-01-14 12:36:04","2020-01-14 12:36:04",1
31260,"Kosjerić","2020-01-14 12:36:04","2020-01-14 12:36:04",1
31262,"Seča Reka","2020-01-14 12:36:04","2020-01-14 12:36:04",1
31263,"Varda","2020-01-14 12:36:04","2020-01-14 12:36:04",1
31265,"Ražana","2020-01-14 12:36:04","2020-01-14 12:36:04",1
31300,"Prijepolje","2020-01-14 12:36:04","2020-01-14 12:36:04",1
31305,"Brodarevo","2020-01-14 12:36:04","2020-01-14 12:36:04",1
31306,"Jabuka","2020-01-14 12:36:04","2020-01-14 12:36:04",1
31307,"Aljinovici","2020-01-14 12:36:04","2020-01-14 12:36:04",1
31310,"Čajetina","2020-01-14 12:36:04","2020-01-14 12:36:04",1
31311,"Bela Zemlja","2020-01-14 12:36:04","2020-01-14 12:36:04",1
31312,"Mačkat","2020-01-14 12:36:04","2020-01-14 12:36:04",1
31313,"Gostilje","2020-01-14 12:36:04","2020-01-14 12:36:04",1
31314,"Jablanica","2020-01-14 12:36:04","2020-01-14 12:36:04",1
31315,"Zlatibor","2020-01-14 12:36:04","2020-01-14 12:36:04",1
31317,"Draglica","2020-01-14 12:36:04","2020-01-14 12:36:04",1
31318,"Kokin Brod","2020-01-14 12:36:04","2020-01-14 12:36:04",1
31319,"Jasenovo","2020-01-14 12:36:05","2020-01-14 12:36:05",1
31320,"Nova Varoš","2020-01-14 12:36:05","2020-01-14 12:36:05",1
31322,"Božetići","2020-01-14 12:36:05","2020-01-14 12:36:05",1
31325,"Bistrica","2020-01-14 12:36:05","2020-01-14 12:36:05",1
31330,"Priboj","2020-01-14 12:36:05","2020-01-14 12:36:05",1
31335,"Sastavci","2020-01-14 12:36:05","2020-01-14 12:36:05",1
31337,"Banja Kod Priboja","2020-01-14 12:36:05","2020-01-14 12:36:05",1
32000,"Čačak","2020-01-14 12:36:30","2020-01-14 12:36:30",1
32205,"Trbušani","2020-01-14 12:36:35","2020-01-14 12:36:35",1
32206,"Kamenica","2020-01-14 12:36:35","2020-01-14 12:36:35",1
32210,"Mrčajevci","2020-01-14 12:36:35","2020-01-14 12:36:35",1
32211,"Mojsinje","2020-01-14 12:36:35","2020-01-14 12:36:35",1
32212,"Preljina","2020-01-14 12:36:35","2020-01-14 12:36:35",1
32213,"Bresnica","2020-01-14 12:36:35","2020-01-14 12:36:35",1
32215,"Gornja Trepča","2020-01-14 12:36:35","2020-01-14 12:36:35",1
32221,"Trnava","2020-01-14 12:36:35","2020-01-14 12:36:35",1
32222,"Ježevica","2020-01-14 12:36:35","2020-01-14 12:36:35",1
32223,"Zablaće","2020-01-14 12:36:35","2020-01-14 12:36:35",1
32224,"Slatina","2020-01-14 12:36:36","2020-01-14 12:36:36",1
32225,"Goričani","2020-01-14 12:36:36","2020-01-14 12:36:36",1
32230,"Guča","2020-01-14 12:36:36","2020-01-14 12:36:36",1
32232,"Goračići","2020-01-14 12:36:36","2020-01-14 12:36:36",1
32234,"Kaona","2020-01-14 12:36:36","2020-01-14 12:36:36",1
32235,"Kotraža","2020-01-14 12:36:36","2020-01-14 12:36:36",1
32236,"Ilok","2021-10-27 11:22:07","2021-10-27 11:22:07",5
32240,"Lučani","2020-01-14 12:36:36","2020-01-14 12:36:36",1
32242,"Ovčar Banja","2020-01-14 12:36:36","2020-01-14 12:36:36",1
32243,"Markovica","2020-01-14 12:36:36","2020-01-14 12:36:36",1
32250,"Ivanjica","2020-01-14 12:36:36","2020-01-14 12:36:36",1
32251,"Bukovica","2020-01-14 12:36:36","2020-01-14 12:36:36",1
32252,"Prilički Kiseljak","2020-01-14 12:36:36","2020-01-14 12:36:36",1
32253,"Brezova","2020-01-14 12:36:36","2020-01-14 12:36:36",1
32254,"Vionica","2020-01-14 12:36:37","2020-01-14 12:36:37",1
32255,"Međurečje","2020-01-14 12:36:37","2020-01-14 12:36:37",1
32256,"Bratljevo","2020-01-14 12:36:37","2020-01-14 12:36:37",1
32257,"Kovilje","2020-01-14 12:36:37","2020-01-14 12:36:37",1
32258,"Kušići","2020-01-14 12:36:37","2020-01-14 12:36:37",1
32259,"Bele Vode","2020-01-14 12:36:37","2020-01-14 12:36:37",1
32300,"Gornji Milanovac","2020-01-14 12:36:38","2020-01-14 12:36:38",1
32303,"Brđani","2020-01-14 12:36:39","2020-01-14 12:36:39",1
32304,"Takovo","2020-01-14 12:36:39","2020-01-14 12:36:39",1
32305,"Beršići","2020-01-14 12:36:39","2020-01-14 12:36:39",1
32306,"Gornji Banjani","2020-01-14 12:36:39","2020-01-14 12:36:39",1
32307,"Brezna","2020-01-14 12:36:39","2020-01-14 12:36:39",1
32308,"Pranjani","2020-01-14 12:36:39","2020-01-14 12:36:39",1
32311,"Šilopaj","2020-01-14 12:36:39","2020-01-14 12:36:39",1
32312,"Boljkovci","2020-01-14 12:36:39","2020-01-14 12:36:39",1
32313,"Rudnik","2020-01-14 12:36:39","2020-01-14 12:36:39",1
32314,"Ugrinovci","2020-01-14 12:36:39","2020-01-14 12:36:39",1
32315,"Vračevšnica","2020-01-14 12:36:39","2020-01-14 12:36:39",1
34000,"Kragujevac","2020-01-14 12:36:29","2020-01-14 12:36:29",1
34202,"Grosnica","2020-01-14 12:36:33","2020-01-14 12:36:33",1
34203,"Ilićevo","2020-01-14 12:36:33","2020-01-14 12:36:33",1
34204,"Divostin","2020-01-14 12:36:33","2020-01-14 12:36:33",1
34205,"Bare","2020-01-14 12:36:34","2020-01-14 12:36:34",1
34206,"Gornja Sabanta","2020-01-14 12:36:34","2020-01-14 12:36:34",1
34207,"Erdec","2020-01-14 12:36:34","2020-01-14 12:36:34",1
34209,"Maršić","2020-01-14 12:36:34","2020-01-14 12:36:34",1
34210,"Rača Kragujevačka","2020-01-14 12:36:34","2020-01-14 12:36:34",1
34211,"Jovanovac","2020-01-14 12:36:34","2020-01-14 12:36:34",1
34212,"Malo Krcmare","2020-01-14 12:36:34","2020-01-14 12:36:34",1
34214,"Veliko Krčmare","2020-01-14 12:36:34","2020-01-14 12:36:34",1
34215,"Đurdjevo","2020-01-14 12:36:34","2020-01-14 12:36:34",1
34216,"Male Pčelice","2020-01-14 12:36:34","2020-01-14 12:36:34",1
34217,"Bukurovac","2020-01-14 12:36:34","2020-01-14 12:36:34",1
34220,"Lapovo","2020-01-14 12:36:34","2020-01-14 12:36:34",1
34223,"Lapovo Selo","2020-01-14 12:36:34","2020-01-14 12:36:34",1
34224,"Korman","2020-01-14 12:36:34","2020-01-14 12:36:34",1
34225,"Resnik","2020-01-14 12:36:34","2020-01-14 12:36:34",1
34226,"Badnjevac","2020-01-14 12:36:34","2020-01-14 12:36:34",1
34227,"Batočina","2020-01-14 12:36:34","2020-01-14 12:36:34",1
34228,"Brzan","2020-01-14 12:36:34","2020-01-14 12:36:34",1
34229,"Žirovnica","2020-01-14 12:36:34","2020-01-14 12:36:34",1
34230,"Gruza","2020-01-14 12:36:34","2020-01-14 12:36:34",1
34231,"Dragobraća","2020-01-14 12:36:34","2020-01-14 12:36:34",1
34232,"Guberevac","2020-01-14 12:36:34","2020-01-14 12:36:34",1
34240,"Knić","2020-01-14 12:36:35","2020-01-14 12:36:35",1
34242,"Bumbarevo Brdo","2020-01-14 12:36:35","2020-01-14 12:36:35",1
34243,"Toponica","2020-01-14 12:36:35","2020-01-14 12:36:35",1
34244,"Zabojnica","2020-01-14 12:36:35","2020-01-14 12:36:35",1
34300,"Aranđelovac","2020-01-14 12:36:36","2020-01-14 12:36:36",1
34301,"Bukovik","2020-01-14 12:36:37","2020-01-14 12:36:37",1
34302,"Ranilovic","2020-01-14 12:36:37","2020-01-14 12:36:37",1
34303,"Aranđelovac","2020-01-14 12:36:37","2020-01-14 12:36:37",1
34304,"Banja","2020-01-14 12:36:37","2020-01-14 12:36:37",1
34305,"Darosava","2020-01-14 12:36:37","2020-01-14 12:36:37",1
34306,"Venčane","2020-01-14 12:36:37","2020-01-14 12:36:37",1
34307,"Stojnik","2020-01-14 12:36:37","2020-01-14 12:36:37",1
34308,"Orašac","2020-01-14 12:36:37","2020-01-14 12:36:37",1
34309,"Jelovik","2020-01-14 12:36:38","2020-01-14 12:36:38",1
34310,"Topola","2020-01-14 12:36:38","2020-01-14 12:36:38",1
34312,"Belosavci","2020-01-14 12:36:38","2020-01-14 12:36:38",1
34313,"Natalinci","2020-01-14 12:36:38","2020-01-14 12:36:38",1
34314,"Donja Satornja","2020-01-14 12:36:38","2020-01-14 12:36:38",1
34318,"Jarmenovci","2020-01-14 12:36:38","2020-01-14 12:36:38",1
34321,"Desimirovac","2020-01-14 12:36:38","2020-01-14 12:36:38",1
34322,"Čumić","2020-01-14 12:36:38","2020-01-14 12:36:38",1
34323,"Stragari","2020-01-14 12:36:38","2020-01-14 12:36:38",1
34325,"Lužnice","2020-01-14 12:36:38","2020-01-14 12:36:38",1
35000,"Jagodina","2020-01-14 12:35:55","2020-01-14 12:35:55",1
35203,"Siokovac","2020-01-14 12:35:58","2020-01-14 12:35:58",1
35204,"Bagrdan","2020-01-14 12:35:58","2020-01-14 12:35:58",1
35205,"Jovac","2020-01-14 12:35:58","2020-01-14 12:35:58",1
35206,"Raševica","2020-01-14 12:35:59","2020-01-14 12:35:59",1
35207,"Potočac","2020-01-14 12:35:59","2020-01-14 12:35:59",1
35208,"Vojska","2020-01-14 12:35:59","2020-01-14 12:35:59",1
35209,"Subotica Kod Svilajnca","2020-01-14 12:35:59","2020-01-14 12:35:59",1
35210,"Svilajnac","2020-01-14 12:35:59","2020-01-14 12:35:59",1
35211,"Sedlare","2020-01-14 12:35:59","2020-01-14 12:35:59",1
35212,"Plažane","2020-01-14 12:35:59","2020-01-14 12:35:59",1
35213,"Despotovac","2020-01-14 12:35:59","2020-01-14 12:35:59",1
35215,"Stenjevac","2020-01-14 12:35:59","2020-01-14 12:35:59",1
35217,"Bobovo","2020-01-14 12:35:59","2020-01-14 12:35:59",1
35219,"Končarevo","2020-01-14 12:36:00","2020-01-14 12:36:00",1
35220,"Ribare","2020-01-14 12:36:00","2020-01-14 12:36:00",1
35222,"Glogovac","2020-01-14 12:36:00","2020-01-14 12:36:00",1
35223,"Veliki Popović","2020-01-14 12:36:00","2020-01-14 12:36:00",1
35224,"Medveđa","2020-01-14 12:36:00","2020-01-14 12:36:00",1
35226,"Kušiljevo","2020-01-14 12:36:00","2020-01-14 12:36:00",1
35227,"Krušar","2020-01-14 12:36:00","2020-01-14 12:36:00",1
35228,"Supska","2020-01-14 12:36:00","2020-01-14 12:36:00",1
35230,"Ćuprija","2020-01-14 12:36:00","2020-01-14 12:36:00",1
35233,"Senje","2020-01-14 12:36:00","2020-01-14 12:36:00",1
35234,"Senjski Rudnik","2020-01-14 12:36:00","2020-01-14 12:36:00",1
35235,"Ravna Reka","2020-01-14 12:36:00","2020-01-14 12:36:00",1
35236,"Mijatovac","2020-01-14 12:36:00","2020-01-14 12:36:00",1
35237,"Resavica","2020-01-14 12:36:01","2020-01-14 12:36:01",1
35238,"Bigrenica","2020-01-14 12:36:01","2020-01-14 12:36:01",1
35241,"Jasenovo","2020-01-14 12:36:01","2020-01-14 12:36:01",1
35242,"Kolare","2020-01-14 12:36:01","2020-01-14 12:36:01",1
35247,"Plana","2020-01-14 12:36:01","2020-01-14 12:36:01",1
35248,"Trešnjevica","2020-01-14 12:36:01","2020-01-14 12:36:01",1
35249,"Busilovac","2020-01-14 12:36:01","2020-01-14 12:36:01",1
35250,"Paraćin","2020-01-14 12:36:01","2020-01-14 12:36:01",1
35254,"Popovac","2020-01-14 12:36:01","2020-01-14 12:36:01",1
35255,"Donja Mutnica","2020-01-14 12:36:01","2020-01-14 12:36:01",1
35256,"Sikirica","2020-01-14 12:36:01","2020-01-14 12:36:01",1
35257,"Drenovac","2020-01-14 12:36:01","2020-01-14 12:36:01",1
35258,"Donje Vidovo","2020-01-14 12:36:01","2020-01-14 12:36:01",1
35259,"Svojnovo","2020-01-14 12:36:01","2020-01-14 12:36:01",1
35260,"Rekovac","2020-01-14 12:36:01","2020-01-14 12:36:01",1
35261,"Glavinci","2020-01-14 12:36:01","2020-01-14 12:36:01",1
35262,"Dragoševac","2020-01-14 12:36:01","2020-01-14 12:36:01",1
35263,"Belušić","2020-01-14 12:36:01","2020-01-14 12:36:01",1
35264,"Prevešt","2020-01-14 12:36:02","2020-01-14 12:36:02",1
35265,"Dragovo","2020-01-14 12:36:02","2020-01-14 12:36:02",1
35267,"Oparić","2020-01-14 12:36:02","2020-01-14 12:36:02",1
35268,"Miloševo","2020-01-14 12:36:02","2020-01-14 12:36:02",1
35269,"Strižilo","2020-01-14 12:36:02","2020-01-14 12:36:02",1
35270,"Majur","2020-01-14 12:36:02","2020-01-14 12:36:02",1
35271,"Novo Lanište","2020-01-14 12:36:02","2020-01-14 12:36:02",1
35272,"Dragocvet","2020-01-14 12:36:02","2020-01-14 12:36:02",1
35273,"Bunar","2020-01-14 12:36:02","2020-01-14 12:36:02",1
36000,"Kraljevo","2020-01-14 12:36:29","2020-01-14 12:36:29",1
36201,"Mataruška Banja","2020-01-14 12:36:32","2020-01-14 12:36:32",1
36202,"Samaila","2020-01-14 12:36:32","2020-01-14 12:36:32",1
36203,"Adrani","2020-01-14 12:36:32","2020-01-14 12:36:32",1
36204,"Lađevci","2020-01-14 12:36:32","2020-01-14 12:36:32",1
36205,"Roćevci","2020-01-14 12:36:32","2020-01-14 12:36:32",1
36206,"Vitanovac","2020-01-14 12:36:32","2020-01-14 12:36:32",1
36207,"Vitkovac","2020-01-14 12:36:32","2020-01-14 12:36:32",1
36208,"Sirča","2020-01-14 12:36:32","2020-01-14 12:36:32",1
36210,"Vrnjačka Banja","2020-01-14 12:36:32","2020-01-14 12:36:32",1
36212,"Ratina","2020-01-14 12:36:32","2020-01-14 12:36:32",1
36214,"Vrba","2020-01-14 12:36:32","2020-01-14 12:36:32",1
36215,"Podunavci","2020-01-14 12:36:33","2020-01-14 12:36:33",1
36216,"Novo Selo","2020-01-14 12:36:33","2020-01-14 12:36:33",1
36217,"Vrnjci","2020-01-14 12:36:33","2020-01-14 12:36:33",1
36220,"Čukojevac","2020-01-14 12:36:33","2020-01-14 12:36:33",1
36221,"Žiča","2020-01-14 12:36:33","2020-01-14 12:36:33",1
36222,"Rudno","2020-01-14 12:36:33","2020-01-14 12:36:33",1
36300,"Novi Pazar","2020-01-14 12:36:35","2020-01-14 12:36:35",1
36305,"Dezeva","2020-01-14 12:36:35","2020-01-14 12:36:35",1
36306,"Lukare","2020-01-14 12:36:35","2020-01-14 12:36:35",1
36307,"Delimeđe","2020-01-14 12:36:35","2020-01-14 12:36:35",1
36308,"Sopoćani","2020-01-14 12:36:35","2020-01-14 12:36:35",1
36309,"Ribarice","2020-01-14 12:36:35","2020-01-14 12:36:35",1
36310,"Sjenica","2020-01-14 12:36:35","2020-01-14 12:36:35",1
36311,"Štavalj","2020-01-14 12:36:35","2020-01-14 12:36:35",1
36312,"Duga Poljana","2020-01-14 12:36:35","2020-01-14 12:36:35",1
36313,"Ugao","2020-01-14 12:36:35","2020-01-14 12:36:35",1
36320,"Tutin","2020-01-14 12:36:36","2020-01-14 12:36:36",1
36321,"Crkvine","2020-01-14 12:36:36","2020-01-14 12:36:36",1
36340,"Konarevo","2020-01-14 12:36:36","2020-01-14 12:36:36",1
36341,"Bogutovac","2020-01-14 12:36:36","2020-01-14 12:36:36",1
36342,"Ušće","2020-01-14 12:36:36","2020-01-14 12:36:36",1
36343,"Studenica","2020-01-14 12:36:36","2020-01-14 12:36:36",1
36344,"Baljevac Na Ibru","2020-01-14 12:36:36","2020-01-14 12:36:36",1
36345,"Jošanička Banja","2020-01-14 12:36:36","2020-01-14 12:36:36",1
36346,"Brvenik","2020-01-14 12:36:36","2020-01-14 12:36:36",1
36350,"Raška","2020-01-14 12:36:37","2020-01-14 12:36:37",1
36353,"Rudnica","2020-01-14 12:36:37","2020-01-14 12:36:37",1
36354,"Kopaonik","2020-01-14 12:36:37","2020-01-14 12:36:37",1
37000,"Kruševac","2020-01-14 12:35:55","2020-01-14 12:35:55",1
37201,"Parunovac","2020-01-14 12:35:55","2020-01-14 12:35:55",1
37202,"Đunis","2020-01-14 12:35:55","2020-01-14 12:35:55",1
37203,"Zdravinje","2020-01-14 12:35:55","2020-01-14 12:35:55",1
37204,"Veliki Siljegovac","2020-01-14 12:35:55","2020-01-14 12:35:55",1
37205,"Ribarska Banja","2020-01-14 12:35:55","2020-01-14 12:35:55",1
37206,"Dvorane","2020-01-14 12:35:56","2020-01-14 12:35:56",1
37207,"Veliko Golovode","2020-01-14 12:35:56","2020-01-14 12:35:56",1
37208,"Čitluk","2020-01-14 12:35:56","2020-01-14 12:35:56",1
37209,"Velika Lomnica","2020-01-14 12:35:56","2020-01-14 12:35:56",1
37210,"Ćićevac","2020-01-14 12:35:56","2020-01-14 12:35:56",1
37212,"Stalać","2020-01-14 12:35:56","2020-01-14 12:35:56",1
37213,"Vitoševac","2020-01-14 12:35:56","2020-01-14 12:35:56",1
37214,"Pojate","2020-01-14 12:35:56","2020-01-14 12:35:56",1
37215,"Ražanj","2020-01-14 12:35:56","2020-01-14 12:35:56",1
37220,"Brus","2020-01-14 12:35:56","2020-01-14 12:35:56",1
37221,"Gornji Stepoš","2020-01-14 12:35:56","2020-01-14 12:35:56",1
37222,"Kupci","2020-01-14 12:35:56","2020-01-14 12:35:56",1
37223,"Razbojna","2020-01-14 12:35:56","2020-01-14 12:35:56",1
37224,"Lepenac","2020-01-14 12:35:56","2020-01-14 12:35:56",1
37225,"Brzeće","2020-01-14 12:35:56","2020-01-14 12:35:56",1
37226,"Blaževo","2020-01-14 12:35:56","2020-01-14 12:35:56",1
37227,"Milentija","2020-01-14 12:35:57","2020-01-14 12:35:57",1
37228,"Zlatari","2020-01-14 12:35:57","2020-01-14 12:35:57",1
37229,"Graševci","2020-01-14 12:35:57","2020-01-14 12:35:57",1
37230,"Aleksandrovac","2020-01-14 12:35:58","2020-01-14 12:35:58",1
37231,"Pepeljevac","2020-01-14 12:35:58","2020-01-14 12:35:58",1
37232,"Laćisled","2020-01-14 12:35:58","2020-01-14 12:35:58",1
37233,"Velika Vrbnica","2020-01-14 12:35:58","2020-01-14 12:35:58",1
37234,"Gornji Stupanj","2020-01-14 12:35:58","2020-01-14 12:35:58",1
37235,"Trnavci","2020-01-14 12:35:58","2020-01-14 12:35:58",1
37236,"Rataje","2020-01-14 12:35:58","2020-01-14 12:35:58",1
37237,"Ploča","2020-01-14 12:35:58","2020-01-14 12:35:58",1
37238,"Ples","2020-01-14 12:35:58","2020-01-14 12:35:58",1
37239,"Šljivovo","2020-01-14 12:35:58","2020-01-14 12:35:58",1
37240,"Trstenik","2020-01-14 12:35:58","2020-01-14 12:35:58",1
37242,"Stopanja","2020-01-14 12:35:58","2020-01-14 12:35:58",1
37243,"Počekovina","2020-01-14 12:35:58","2020-01-14 12:35:58",1
37244,"Medveđa","2020-01-14 12:35:58","2020-01-14 12:35:58",1
37245,"Velika Drenova","2020-01-14 12:35:58","2020-01-14 12:35:58",1
37246,"Milutovac","2020-01-14 12:35:58","2020-01-14 12:35:58",1
37251,"Globoder","2020-01-14 12:35:58","2020-01-14 12:35:58",1
37252,"Jasika","2020-01-14 12:35:58","2020-01-14 12:35:58",1
37253,"Bela Voda","2020-01-14 12:35:58","2020-01-14 12:35:58",1
37254,"Konjuh","2020-01-14 12:35:59","2020-01-14 12:35:59",1
37255,"Kukljin","2020-01-14 12:35:59","2020-01-14 12:35:59",1
37256,"Kaonik","2020-01-14 12:35:59","2020-01-14 12:35:59",1
37257,"Padež","2020-01-14 12:35:59","2020-01-14 12:35:59",1
37258,"Donji Krčin","2020-01-14 12:35:59","2020-01-14 12:35:59",1
37259,"Ribare","2020-01-14 12:35:59","2020-01-14 12:35:59",1
37260,"Varvarin","2020-01-14 12:35:59","2020-01-14 12:35:59",1
37262,"Bošnjane","2020-01-14 12:35:59","2020-01-14 12:35:59",1
37265,"Bačina","2020-01-14 12:35:59","2020-01-14 12:35:59",1
37266,"Obrez","2020-01-14 12:35:59","2020-01-14 12:35:59",1
37271,"Dasnica","2020-01-14 12:36:00","2020-01-14 12:36:00",1
37281,"Osreci","2020-01-14 12:36:00","2020-01-14 12:36:00",1
37282,"Kriva Reka","2020-01-14 12:36:00","2020-01-14 12:36:00",1
38157,"Brezovica","2020-01-14 12:36:30","2020-01-14 12:36:30",1
38205,"Gračanica","2020-01-14 12:36:31","2020-01-14 12:36:31",1
38210,"Kosovo Polje","2020-01-14 12:36:31","2020-01-14 12:36:31",1
38213,"Prilužje","2020-01-14 12:36:31","2020-01-14 12:36:31",1
38216,"Banjska","2020-01-14 12:36:31","2020-01-14 12:36:31",1
38217,"Sočanica","2020-01-14 12:36:31","2020-01-14 12:36:31",1
38218,"Leposavić","2020-01-14 12:36:31","2020-01-14 12:36:31",1
38219,"Lešak","2020-01-14 12:36:32","2020-01-14 12:36:32",1
38220,"Kosovska Mitrovica","2020-01-14 12:36:32","2020-01-14 12:36:32",1
38227,"Zvečan","2020-01-14 12:36:32","2020-01-14 12:36:32",1
38228,"Zubin Potok","2020-01-14 12:36:32","2020-01-14 12:36:32",1
38236,"Štrpce","2020-01-14 12:36:32","2020-01-14 12:36:32",1
38239,"Drajkovce","2020-01-14 12:36:32","2020-01-14 12:36:32",1
38266,"Pasjane","2020-01-14 12:36:33","2020-01-14 12:36:33",1
38267,"Ranilug","2020-01-14 12:36:33","2020-01-14 12:36:33",1
999999,"","2020-01-14 12:37:00","2020-01-14 12:37:00",1
